,"MIN","MAX","UNITE","DESCRIPTION","DATATYPE","DATASCIENTISM","PRECISION","FREQUENCE_ECHANTILLONNAGE","VAL_DEF","DEVICE"
"SIS-02-TT-01-XM00",-50,80,"°C","Température ambiante","REAL","TRUE",0.01,5,0,"meteo"
"SIS-02-PT-01-XM00",800,1200,"mbara","Pression atmosphérique","REAL","TRUE",0.01,5,0,"meteo"
"SIS-02-HU-01-XM00",0,100,"%","Humité ambiante","REAL","TRUE",0.01,5,0,"meteo"
"SIS-02-DP-01-XM00",-50,80,"°C","Point de rosée","REAL","TRUE",0.01,5,0,"meteo"
"SIS-02-CL-01-XM00",0,100,"%","Couverture nuageuse","REAL","TRUE",0.01,5,0,"meteo"
"PV00000001-centrale SLS 80kWc-JTWH-00",-200000,200000,"kWh","centrale PV sls 80 kWc compteur PV","REAL","TRUE",0.01,5,0,"smartlogger"
"PV00000001-centrale SLS 80kWc-JTW-00",-200000,200000,"kW","centrale PV sls 80 kWc puissance PV","REAL","TRUE",0.01,5,0,"smartlogger"
"C00000016-GENERAL_ADMINISTRATIF-23-kWh-JTWH",-200000,200000,"kWh","zone A-B-C-D energie","REAL","TRUE",0.01,5,0,"vmuc"
"C00000016-GENERAL_ADMINISTRATIF-23-kWh L3-JTWH",-200000,200000,"kWh","zone A-B-C-D L3 energie","REAL","TRUE",0.01,5,0,"vmuc"
"C00000016-GENERAL_ADMINISTRATIF-23-kWh L2-JTWH",-200000,200000,"kWh","zone A-B-C-D L2 energie","REAL","TRUE",0.01,5,0,"vmuc"
"C00000016-GENERAL_ADMINISTRATIF-23-kWh L1-JTWH",-200000,200000,"kWh","zone A-B-C-D L1 energie","REAL","TRUE",0.01,5,0,"vmuc"
"C00000016-GENERAL_ADMINISTRATIF-23-kWh (-)-JTWH",-200000,200000,"kWh","zone A-B-C-D quezaco2","REAL","TRUE",0.01,5,0,"vmuc"
"C00000016-GENERAL_ADMINISTRATIF-23-kW sys-JTW",-200000,200000,"kW","zone A-B-C-D puissance","REAL","TRUE",0.01,5,0,"vmuc"
"C00000016-GENERAL_ADMINISTRATIF-23-kW L3-JTW",-200000,200000,"kW","zone A-B-C-D L3 puissance","REAL","TRUE",0.01,5,0,"vmuc"
"C00000016-GENERAL_ADMINISTRATIF-23-kW L2-JTW",-200000,200000,"kW","zone A-B-C-D L2 puissance","REAL","TRUE",0.01,5,0,"vmuc"
"C00000016-GENERAL_ADMINISTRATIF-23-kW L1-JTW",-200000,200000,"kW","zone A-B-C-D L1 puissance","REAL","TRUE",0.01,5,0,"vmuc"
"C00000016-GENERAL_ADMINISTRATIF-23-kW dmd-JTW",-200000,200000,"kW","zone A-B-C-D puissance demandée","REAL","TRUE",0.01,5,0,"vmuc"
"C00000016-GENERAL_ADMINISTRATIF-23-kvarh-JTVarH",-200000,200000,"kvarh","zone A-B-C-D quezaco4","REAL","TRUE",0.01,5,0,"vmuc"
"C00000016-GENERAL_ADMINISTRATIF-23-kvar sys-JTVar",-200000,200000,"kvar","zone A-B-C-D puissance reactive","REAL","TRUE",0.01,5,0,"vmuc"
"C00000016-GENERAL_ADMINISTRATIF-23-kvar L3-JTVar",-200000,200000,"kvar","zone A-B-C-D L3 puissance reactive","REAL","TRUE",0.01,5,0,"vmuc"
"C00000016-GENERAL_ADMINISTRATIF-23-kvar L2-JTVar",-200000,200000,"kvar","zone A-B-C-D L2 puissance reactive","REAL","TRUE",0.01,5,0,"vmuc"
"C00000016-GENERAL_ADMINISTRATIF-23-kvar L1-JTVar",-200000,200000,"kvar","zone A-B-C-D L1 puissance reactive","REAL","TRUE",0.01,5,0,"vmuc"
"C00000016-GENERAL_ADMINISTRATIF-23-kVA sys-JTVA",-200000,200000,"kVA","zone A-B-C-D puissance active","REAL","TRUE",0.01,5,0,"vmuc"
"C00000016-GENERAL_ADMINISTRATIF-23-kVA L3-JTVA",-200000,200000,"kVA","zone A-B-C-D L3 puissance active","REAL","TRUE",0.01,5,0,"vmuc"
"C00000016-GENERAL_ADMINISTRATIF-23-kVA L2-JTVA",-200000,200000,"kVA","zone A-B-C-D L2 puissance active","REAL","TRUE",0.01,5,0,"vmuc"
"C00000016-GENERAL_ADMINISTRATIF-23-kVA L1-JTVA",-200000,200000,"kVA","zone A-B-C-D L1 puissance active","REAL","TRUE",0.01,5,0,"vmuc"
"C00000015-F002-22-kWh-JTWH",-200000,200000,"kWh","Cegelec Vinci energie","REAL","TRUE",0.01,5,0,"vmuc"
"C00000015-F002-22-kWh L3-JTWH",-200000,200000,"kWh","Cegelec Vinci L3 energie","REAL","TRUE",0.01,5,0,"vmuc"
"C00000015-F002-22-kWh L2-JTWH",-200000,200000,"kWh","Cegelec Vinci L2 energie","REAL","TRUE",0.01,5,0,"vmuc"
"C00000015-F002-22-kWh L1-JTWH",-200000,200000,"kWh","Cegelec Vinci L1 energie","REAL","TRUE",0.01,5,0,"vmuc"
"C00000015-F002-22-kWh (-)-JTWH",-200000,200000,"kWh","Cegelec Vinci quezaco2","REAL","TRUE",0.01,5,0,"vmuc"
"C00000015-F002-22-kW sys-JTW",-200000,200000,"kW","Cegelec Vinci puissance","REAL","TRUE",0.01,5,0,"vmuc"
"C00000015-F002-22-kW L3-JTW",-200000,200000,"kW","Cegelec Vinci L3 puissance","REAL","TRUE",0.01,5,0,"vmuc"
"C00000015-F002-22-kW L2-JTW",-200000,200000,"kW","Cegelec Vinci L2 puissance","REAL","TRUE",0.01,5,0,"vmuc"
"C00000015-F002-22-kW L1-JTW",-200000,200000,"kW","Cegelec Vinci L1 puissance","REAL","TRUE",0.01,5,0,"vmuc"
"C00000015-F002-22-kW dmd-JTW",-200000,200000,"kW","Cegelec Vinci puissance demandée","REAL","TRUE",0.01,5,0,"vmuc"
"C00000015-F002-22-kvarh-JTVarH",-200000,200000,"kvarh","Cegelec Vinci quezaco4","REAL","TRUE",0.01,5,0,"vmuc"
"C00000015-F002-22-kvar sys-JTVar",-200000,200000,"kvar","Cegelec Vinci puissance reactive","REAL","TRUE",0.01,5,0,"vmuc"
"C00000015-F002-22-kvar L3-JTVar",-200000,200000,"kvar","Cegelec Vinci L3 puissance reactive","REAL","TRUE",0.01,5,0,"vmuc"
"C00000015-F002-22-kvar L2-JTVar",-200000,200000,"kvar","Cegelec Vinci L2 puissance reactive","REAL","TRUE",0.01,5,0,"vmuc"
"C00000015-F002-22-kvar L1-JTVar",-200000,200000,"kvar","Cegelec Vinci L1 puissance reactive","REAL","TRUE",0.01,5,0,"vmuc"
"C00000015-F002-22-kVA sys-JTVA",-200000,200000,"kVA","Cegelec Vinci puissance active","REAL","TRUE",0.01,5,0,"vmuc"
"C00000015-F002-22-kVA L3-JTVA",-200000,200000,"kVA","Cegelec Vinci L3 puissance active","REAL","TRUE",0.01,5,0,"vmuc"
"C00000015-F002-22-kVA L2-JTVA",-200000,200000,"kVA","Cegelec Vinci L2 puissance active","REAL","TRUE",0.01,5,0,"vmuc"
"C00000015-F002-22-kVA L1-JTVA",-200000,200000,"kVA","Cegelec Vinci L1 puissance active","REAL","TRUE",0.01,5,0,"vmuc"
"C00000014-F001-21-kWh-JTWH",-200000,200000,"kWh","Zone F energie","REAL","TRUE",0.01,5,0,"vmuc"
"C00000014-F001-21-kWh L3-JTWH",-200000,200000,"kWh","Zone F L3 energie","REAL","TRUE",0.01,5,0,"vmuc"
"C00000014-F001-21-kWh L2-JTWH",-200000,200000,"kWh","Zone F L2 energie","REAL","TRUE",0.01,5,0,"vmuc"
"C00000014-F001-21-kWh L1-JTWH",-200000,200000,"kWh","Zone F L1 energie","REAL","TRUE",0.01,5,0,"vmuc"
"C00000014-F001-21-kWh (-)-JTWH",-200000,200000,"kWh","Zone F quezaco2","REAL","TRUE",0.01,5,0,"vmuc"
"C00000014-F001-21-kW sys-JTW",-200000,200000,"kW","Zone F puissance","REAL","TRUE",0.01,5,0,"vmuc"
"C00000014-F001-21-kW L3-JTW",-200000,200000,"kW","Zone F L3 puissance","REAL","TRUE",0.01,5,0,"vmuc"
"C00000014-F001-21-kW L2-JTW",-200000,200000,"kW","Zone F L2 puissance","REAL","TRUE",0.01,5,0,"vmuc"
"C00000014-F001-21-kW L1-JTW",-200000,200000,"kW","Zone F L1 puissance","REAL","TRUE",0.01,5,0,"vmuc"
"C00000014-F001-21-kW dmd-JTW",-200000,200000,"kW","Zone F puissance demandée","REAL","TRUE",0.01,5,0,"vmuc"
"C00000014-F001-21-kvarh-JTVarH",-200000,200000,"kvarh","Zone F quezaco4","REAL","TRUE",0.01,5,0,"vmuc"
"C00000014-F001-21-kvar sys-JTVar",-200000,200000,"kvar","Zone F puissance reactive","REAL","TRUE",0.01,5,0,"vmuc"
"C00000014-F001-21-kvar L3-JTVar",-200000,200000,"kvar","Zone F L3 puissance reactive","REAL","TRUE",0.01,5,0,"vmuc"
"C00000014-F001-21-kvar L2-JTVar",-200000,200000,"kvar","Zone F L2 puissance reactive","REAL","TRUE",0.01,5,0,"vmuc"
"C00000014-F001-21-kvar L1-JTVar",-200000,200000,"kvar","Zone F L1 puissance reactive","REAL","TRUE",0.01,5,0,"vmuc"
"C00000014-F001-21-kVA sys-JTVA",-200000,200000,"kVA","Zone F puissance active","REAL","TRUE",0.01,5,0,"vmuc"
"C00000014-F001-21-kVA L3-JTVA",-200000,200000,"kVA","Zone F L3 puissance active","REAL","TRUE",0.01,5,0,"vmuc"
"C00000014-F001-21-kVA L2-JTVA",-200000,200000,"kVA","Zone F L2 puissance active","REAL","TRUE",0.01,5,0,"vmuc"
"C00000014-F001-21-kVA L1-JTVA",-200000,200000,"kVA","Zone F L1 puissance active","REAL","TRUE",0.01,5,0,"vmuc"
"C00000013-E002-20-kWh-JTWH",-200000,200000,"kWh","Geodis energie","REAL","TRUE",0.01,5,0,"vmuc"
"C00000013-E002-20-kWh L3-JTWH",-200000,200000,"kWh","Geodis L3 energie","REAL","TRUE",0.01,5,0,"vmuc"
"C00000013-E002-20-kWh L2-JTWH",-200000,200000,"kWh","Geodis L2 energie","REAL","TRUE",0.01,5,0,"vmuc"
"C00000013-E002-20-kWh L1-JTWH",-200000,200000,"kWh","Geodis L1 energie","REAL","TRUE",0.01,5,0,"vmuc"
"C00000013-E002-20-kWh (-)-JTWH",-200000,200000,"kWh","Geodis quezaco2","REAL","TRUE",0.01,5,0,"vmuc"
"C00000013-E002-20-kW sys-JTW",-200000,200000,"kW","Geodis puissance","REAL","TRUE",0.01,5,0,"vmuc"
"C00000013-E002-20-kW L3-JTW",-200000,200000,"kW","Geodis L3 puissance","REAL","TRUE",0.01,5,0,"vmuc"
"C00000013-E002-20-kW L2-JTW",-200000,200000,"kW","Geodis L2 puissance","REAL","TRUE",0.01,5,0,"vmuc"
"C00000013-E002-20-kW L1-JTW",-200000,200000,"kW","Geodis L1 puissance","REAL","TRUE",0.01,5,0,"vmuc"
"C00000013-E002-20-kW dmd-JTW",-200000,200000,"kW","Geodis puissance demandée","REAL","TRUE",0.01,5,0,"vmuc"
"C00000013-E002-20-kvarh-JTVarH",-200000,200000,"kvarh","Geodis quezaco4","REAL","TRUE",0.01,5,0,"vmuc"
"C00000013-E002-20-kvar sys-JTVar",-200000,200000,"kvar","Geodis puissance reactive","REAL","TRUE",0.01,5,0,"vmuc"
"C00000013-E002-20-kvar L3-JTVar",-200000,200000,"kvar","Geodis L3 puissance reactive","REAL","TRUE",0.01,5,0,"vmuc"
"C00000013-E002-20-kvar L2-JTVar",-200000,200000,"kvar","Geodis L2 puissance reactive","REAL","TRUE",0.01,5,0,"vmuc"
"C00000013-E002-20-kvar L1-JTVar",-200000,200000,"kvar","Geodis L1 puissance reactive","REAL","TRUE",0.01,5,0,"vmuc"
"C00000013-E002-20-kVA sys-JTVA",-200000,200000,"kVA","Geodis puissance active","REAL","TRUE",0.01,5,0,"vmuc"
"C00000013-E002-20-kVA L3-JTVA",-200000,200000,"kVA","Geodis L3 puissance active","REAL","TRUE",0.01,5,0,"vmuc"
"C00000013-E002-20-kVA L2-JTVA",-200000,200000,"kVA","Geodis L2 puissance active","REAL","TRUE",0.01,5,0,"vmuc"
"C00000013-E002-20-kVA L1-JTVA",-200000,200000,"kVA","Geodis L1 puissance active","REAL","TRUE",0.01,5,0,"vmuc"
"C00000012-E001-19-kWh-JTWH",-200000,200000,"kWh","Zone E  energie","REAL","TRUE",0.01,5,0,"vmuc"
"C00000012-E001-19-kWh L3-JTWH",-200000,200000,"kWh","Zone E  L3 energie","REAL","TRUE",0.01,5,0,"vmuc"
"C00000012-E001-19-kWh L2-JTWH",-200000,200000,"kWh","Zone E  L2 energie","REAL","TRUE",0.01,5,0,"vmuc"
"C00000012-E001-19-kWh L1-JTWH",-200000,200000,"kWh","Zone E  L1 energie","REAL","TRUE",0.01,5,0,"vmuc"
"C00000012-E001-19-kWh (-)-JTWH",-200000,200000,"kWh","Zone E  quezaco2","REAL","TRUE",0.01,5,0,"vmuc"
"C00000012-E001-19-kW sys-JTW",-200000,200000,"kW","Zone E  puissance","REAL","TRUE",0.01,5,0,"vmuc"
"C00000012-E001-19-kW L3-JTW",-200000,200000,"kW","Zone E  L3 puissance","REAL","TRUE",0.01,5,0,"vmuc"
"C00000012-E001-19-kW L2-JTW",-200000,200000,"kW","Zone E  L2 puissance","REAL","TRUE",0.01,5,0,"vmuc"
"C00000012-E001-19-kW L1-JTW",-200000,200000,"kW","Zone E  L1 puissance","REAL","TRUE",0.01,5,0,"vmuc"
"C00000012-E001-19-kW dmd-JTW",-200000,200000,"kW","Zone E  puissance demandée","REAL","TRUE",0.01,5,0,"vmuc"
"C00000012-E001-19-kvarh-JTVarH",-200000,200000,"kvarh","Zone E  quezaco4","REAL","TRUE",0.01,5,0,"vmuc"
"C00000012-E001-19-kvar sys-JTVar",-200000,200000,"kvar","Zone E  puissance reactive","REAL","TRUE",0.01,5,0,"vmuc"
"C00000012-E001-19-kvar L3-JTVar",-200000,200000,"kvar","Zone E  L3 puissance reactive","REAL","TRUE",0.01,5,0,"vmuc"
"C00000012-E001-19-kvar L2-JTVar",-200000,200000,"kvar","Zone E  L2 puissance reactive","REAL","TRUE",0.01,5,0,"vmuc"
"C00000012-E001-19-kvar L1-JTVar",-200000,200000,"kvar","Zone E  L1 puissance reactive","REAL","TRUE",0.01,5,0,"vmuc"
"C00000012-E001-19-kVA sys-JTVA",-200000,200000,"kVA","Zone E  puissance active","REAL","TRUE",0.01,5,0,"vmuc"
"C00000012-E001-19-kVA L3-JTVA",-200000,200000,"kVA","Zone E  L3 puissance active","REAL","TRUE",0.01,5,0,"vmuc"
"C00000012-E001-19-kVA L2-JTVA",-200000,200000,"kVA","Zone E  L2 puissance active","REAL","TRUE",0.01,5,0,"vmuc"
"C00000012-E001-19-kVA L1-JTVA",-200000,200000,"kVA","Zone E  L1 puissance active","REAL","TRUE",0.01,5,0,"vmuc"
"C00000011-A006-18-kWh-JTWH",-200000,200000,"kWh","Serma energie","REAL","TRUE",0.01,5,0,"vmuc"
"C00000011-A006-18-kWh L3-JTWH",-200000,200000,"kWh","Serma L3 energie","REAL","TRUE",0.01,5,0,"vmuc"
"C00000011-A006-18-kWh L2-JTWH",-200000,200000,"kWh","Serma L2 energie","REAL","TRUE",0.01,5,0,"vmuc"
"C00000011-A006-18-kWh L1-JTWH",-200000,200000,"kWh","Serma L1 energie","REAL","TRUE",0.01,5,0,"vmuc"
"C00000011-A006-18-kWh (-)-JTWH",-200000,200000,"kWh","Serma quezaco2","REAL","TRUE",0.01,5,0,"vmuc"
"C00000011-A006-18-kW sys-JTW",-200000,200000,"kW","Serma puissance","REAL","TRUE",0.01,5,0,"vmuc"
"C00000011-A006-18-kW L3-JTW",-200000,200000,"kW","Serma L3 puissance","REAL","TRUE",0.01,5,0,"vmuc"
"C00000011-A006-18-kW L2-JTW",-200000,200000,"kW","Serma L2 puissance","REAL","TRUE",0.01,5,0,"vmuc"
"C00000011-A006-18-kW L1-JTW",-200000,200000,"kW","Serma L1 puissance","REAL","TRUE",0.01,5,0,"vmuc"
"C00000011-A006-18-kW dmd-JTW",-200000,200000,"kW","Serma puissance demandée","REAL","TRUE",0.01,5,0,"vmuc"
"C00000011-A006-18-kvarh-JTVarH",-200000,200000,"kvarh","Serma quezaco4","REAL","TRUE",0.01,5,0,"vmuc"
"C00000011-A006-18-kvar sys-JTVar",-200000,200000,"kvar","Serma puissance reactive","REAL","TRUE",0.01,5,0,"vmuc"
"C00000011-A006-18-kvar L3-JTVar",-200000,200000,"kvar","Serma L3 puissance reactive","REAL","TRUE",0.01,5,0,"vmuc"
"C00000011-A006-18-kvar L2-JTVar",-200000,200000,"kvar","Serma L2 puissance reactive","REAL","TRUE",0.01,5,0,"vmuc"
"C00000011-A006-18-kvar L1-JTVar",-200000,200000,"kvar","Serma L1 puissance reactive","REAL","TRUE",0.01,5,0,"vmuc"
"C00000011-A006-18-kVA sys-JTVA",-200000,200000,"kVA","Serma puissance active","REAL","TRUE",0.01,5,0,"vmuc"
"C00000011-A006-18-kVA L3-JTVA",-200000,200000,"kVA","Serma L3 puissance active","REAL","TRUE",0.01,5,0,"vmuc"
"C00000011-A006-18-kVA L2-JTVA",-200000,200000,"kVA","Serma L2 puissance active","REAL","TRUE",0.01,5,0,"vmuc"
"C00000011-A006-18-kVA L1-JTVA",-200000,200000,"kVA","Serma L1 puissance active","REAL","TRUE",0.01,5,0,"vmuc"
"C00000010-EM_VIRTUAL-16-kWh-JTWH",-200000,200000,"kWh","Total puissance energie","REAL","TRUE",0.01,5,0,"vmuc"
"C00000010-EM_VIRTUAL-16-kWh L3-JTWH",-200000,200000,"kWh","Total puissance L3 energie","REAL","TRUE",0.01,5,0,"vmuc"
"C00000010-EM_VIRTUAL-16-kWh L2-JTWH",-200000,200000,"kWh","Total puissance L2 energie","REAL","TRUE",0.01,5,0,"vmuc"
"C00000010-EM_VIRTUAL-16-kWh L1-JTWH",-200000,200000,"kWh","Total puissance L1 energie","REAL","TRUE",0.01,5,0,"vmuc"
"C00000010-EM_VIRTUAL-16-kWh (-)-JTWH",-200000,200000,"kWh","Total puissance quezaco2","REAL","TRUE",0.01,5,0,"vmuc"
"C00000010-EM_VIRTUAL-16-kW sys-JTW",-200000,200000,"kW","Total puissance puissance","REAL","TRUE",0.01,5,0,"vmuc"
"C00000010-EM_VIRTUAL-16-kW L3-JTW",-200000,200000,"kW","Total puissance L3 puissance","REAL","TRUE",0.01,5,0,"vmuc"
"C00000010-EM_VIRTUAL-16-kW L2-JTW",-200000,200000,"kW","Total puissance L2 puissance","REAL","TRUE",0.01,5,0,"vmuc"
"C00000010-EM_VIRTUAL-16-kW L1-JTW",-200000,200000,"kW","Total puissance L1 puissance","REAL","TRUE",0.01,5,0,"vmuc"
"C00000010-EM_VIRTUAL-16-kW dmd-JTW",-200000,200000,"kW","Total puissance puissance demandée","REAL","TRUE",0.01,5,0,"vmuc"
"C00000010-EM_VIRTUAL-16-kvarh-JTVarH",-200000,200000,"kvarh","Total puissance quezaco4","REAL","TRUE",0.01,5,0,"vmuc"
"C00000010-EM_VIRTUAL-16-kvar sys-JTVar",-200000,200000,"kvar","Total puissance puissance reactive","REAL","TRUE",0.01,5,0,"vmuc"
"C00000010-EM_VIRTUAL-16-kvar L3-JTVar",-200000,200000,"kvar","Total puissance L3 puissance reactive","REAL","TRUE",0.01,5,0,"vmuc"
"C00000010-EM_VIRTUAL-16-kvar L2-JTVar",-200000,200000,"kvar","Total puissance L2 puissance reactive","REAL","TRUE",0.01,5,0,"vmuc"
"C00000010-EM_VIRTUAL-16-kvar L1-JTVar",-200000,200000,"kvar","Total puissance L1 puissance reactive","REAL","TRUE",0.01,5,0,"vmuc"
"C00000010-EM_VIRTUAL-16-kVA sys-JTVA",-200000,200000,"kVA","Total puissance puissance active","REAL","TRUE",0.01,5,0,"vmuc"
"C00000010-EM_VIRTUAL-16-kVA L3-JTVA",-200000,200000,"kVA","Total puissance L3 puissance active","REAL","TRUE",0.01,5,0,"vmuc"
"C00000010-EM_VIRTUAL-16-kVA L2-JTVA",-200000,200000,"kVA","Total puissance L2 puissance active","REAL","TRUE",0.01,5,0,"vmuc"
"C00000010-EM_VIRTUAL-16-kVA L1-JTVA",-200000,200000,"kVA","Total puissance L1 puissance active","REAL","TRUE",0.01,5,0,"vmuc"
"C0000000f-B004-15-kWh-JTWH",-200000,200000,"kWh","local W (Local à papier derrière Sylfen) + local Antoine energie","REAL","TRUE",0.01,5,0,"vmuc"
"C0000000f-B004-15-kWh L3-JTWH",-200000,200000,"kWh","local W (Local à papier derrière Sylfen) + local Antoine L3 energie","REAL","TRUE",0.01,5,0,"vmuc"
"C0000000f-B004-15-kWh L2-JTWH",-200000,200000,"kWh","local W (Local à papier derrière Sylfen) + local Antoine L2 energie","REAL","TRUE",0.01,5,0,"vmuc"
"C0000000f-B004-15-kWh L1-JTWH",-200000,200000,"kWh","local W (Local à papier derrière Sylfen) + local Antoine L1 energie","REAL","TRUE",0.01,5,0,"vmuc"
"C0000000f-B004-15-kWh (-)-JTWH",-200000,200000,"kWh","local W (Local à papier derrière Sylfen) + local Antoine quezaco2","REAL","TRUE",0.01,5,0,"vmuc"
"C0000000f-B004-15-kW sys-JTW",-200000,200000,"kW","local W (Local à papier derrière Sylfen) + local Antoine puissance","REAL","TRUE",0.01,5,0,"vmuc"
"C0000000f-B004-15-kW L3-JTW",-200000,200000,"kW","local W (Local à papier derrière Sylfen) + local Antoine L3 puissance","REAL","TRUE",0.01,5,0,"vmuc"
"C0000000f-B004-15-kW L2-JTW",-200000,200000,"kW","local W (Local à papier derrière Sylfen) + local Antoine L2 puissance","REAL","TRUE",0.01,5,0,"vmuc"
"C0000000f-B004-15-kW L1-JTW",-200000,200000,"kW","local W (Local à papier derrière Sylfen) + local Antoine L1 puissance","REAL","TRUE",0.01,5,0,"vmuc"
"C0000000f-B004-15-kW dmd-JTW",-200000,200000,"kW","local W (Local à papier derrière Sylfen) + local Antoine puissance demandée","REAL","TRUE",0.01,5,0,"vmuc"
"C0000000f-B004-15-kvarh-JTVarH",-200000,200000,"kvarh","local W (Local à papier derrière Sylfen) + local Antoine quezaco4","REAL","TRUE",0.01,5,0,"vmuc"
"C0000000f-B004-15-kvar sys-JTVar",-200000,200000,"kvar","local W (Local à papier derrière Sylfen) + local Antoine puissance reactive","REAL","TRUE",0.01,5,0,"vmuc"
"C0000000f-B004-15-kvar L3-JTVar",-200000,200000,"kvar","local W (Local à papier derrière Sylfen) + local Antoine L3 puissance reactive","REAL","TRUE",0.01,5,0,"vmuc"
"C0000000f-B004-15-kvar L2-JTVar",-200000,200000,"kvar","local W (Local à papier derrière Sylfen) + local Antoine L2 puissance reactive","REAL","TRUE",0.01,5,0,"vmuc"
"C0000000f-B004-15-kvar L1-JTVar",-200000,200000,"kvar","local W (Local à papier derrière Sylfen) + local Antoine L1 puissance reactive","REAL","TRUE",0.01,5,0,"vmuc"
"C0000000f-B004-15-kVA sys-JTVA",-200000,200000,"kVA","local W (Local à papier derrière Sylfen) + local Antoine puissance active","REAL","TRUE",0.01,5,0,"vmuc"
"C0000000f-B004-15-kVA L3-JTVA",-200000,200000,"kVA","local W (Local à papier derrière Sylfen) + local Antoine L3 puissance active","REAL","TRUE",0.01,5,0,"vmuc"
"C0000000f-B004-15-kVA L2-JTVA",-200000,200000,"kVA","local W (Local à papier derrière Sylfen) + local Antoine L2 puissance active","REAL","TRUE",0.01,5,0,"vmuc"
"C0000000f-B004-15-kVA L1-JTVA",-200000,200000,"kVA","local W (Local à papier derrière Sylfen) + local Antoine L1 puissance active","REAL","TRUE",0.01,5,0,"vmuc"
"C0000000e-B002-14-kWh-JTWH",-200000,200000,"kWh","Auto passion energie","REAL","TRUE",0.01,5,0,"vmuc"
"C0000000e-B002-14-kWh L3-JTWH",-200000,200000,"kWh","Auto passion L3 energie","REAL","TRUE",0.01,5,0,"vmuc"
"C0000000e-B002-14-kWh L2-JTWH",-200000,200000,"kWh","Auto passion L2 energie","REAL","TRUE",0.01,5,0,"vmuc"
"C0000000e-B002-14-kWh L1-JTWH",-200000,200000,"kWh","Auto passion L1 energie","REAL","TRUE",0.01,5,0,"vmuc"
"C0000000e-B002-14-kWh (-)-JTWH",-200000,200000,"kWh","Auto passion quezaco2","REAL","TRUE",0.01,5,0,"vmuc"
"C0000000e-B002-14-kW sys-JTW",-200000,200000,"kW","Auto passion puissance","REAL","TRUE",0.01,5,0,"vmuc"
"C0000000e-B002-14-kW L3-JTW",-200000,200000,"kW","Auto passion L3 puissance","REAL","TRUE",0.01,5,0,"vmuc"
"C0000000e-B002-14-kW L2-JTW",-200000,200000,"kW","Auto passion L2 puissance","REAL","TRUE",0.01,5,0,"vmuc"
"C0000000e-B002-14-kW L1-JTW",-200000,200000,"kW","Auto passion L1 puissance","REAL","TRUE",0.01,5,0,"vmuc"
"C0000000e-B002-14-kW dmd-JTW",-200000,200000,"kW","Auto passion puissance demandée","REAL","TRUE",0.01,5,0,"vmuc"
"C0000000e-B002-14-kvarh-JTVarH",-200000,200000,"kvarh","Auto passion quezaco4","REAL","TRUE",0.01,5,0,"vmuc"
"C0000000e-B002-14-kvar sys-JTVar",-200000,200000,"kvar","Auto passion puissance reactive","REAL","TRUE",0.01,5,0,"vmuc"
"C0000000e-B002-14-kvar L3-JTVar",-200000,200000,"kvar","Auto passion L3 puissance reactive","REAL","TRUE",0.01,5,0,"vmuc"
"C0000000e-B002-14-kvar L2-JTVar",-200000,200000,"kvar","Auto passion L2 puissance reactive","REAL","TRUE",0.01,5,0,"vmuc"
"C0000000e-B002-14-kvar L1-JTVar",-200000,200000,"kvar","Auto passion L1 puissance reactive","REAL","TRUE",0.01,5,0,"vmuc"
"C0000000e-B002-14-kVA sys-JTVA",-200000,200000,"kVA","Auto passion puissance active","REAL","TRUE",0.01,5,0,"vmuc"
"C0000000e-B002-14-kVA L3-JTVA",-200000,200000,"kVA","Auto passion L3 puissance active","REAL","TRUE",0.01,5,0,"vmuc"
"C0000000e-B002-14-kVA L2-JTVA",-200000,200000,"kVA","Auto passion L2 puissance active","REAL","TRUE",0.01,5,0,"vmuc"
"C0000000e-B002-14-kVA L1-JTVA",-200000,200000,"kVA","Auto passion L1 puissance active","REAL","TRUE",0.01,5,0,"vmuc"
"C0000000d-B008-13-kWh-JTWH",-200000,200000,"kWh","Atelier mécanique Cheylas energie","REAL","TRUE",0.01,5,0,"vmuc"
"C0000000d-B008-13-kWh L3-JTWH",-200000,200000,"kWh","Atelier mécanique Cheylas L3 energie","REAL","TRUE",0.01,5,0,"vmuc"
"C0000000d-B008-13-kWh L2-JTWH",-200000,200000,"kWh","Atelier mécanique Cheylas L2 energie","REAL","TRUE",0.01,5,0,"vmuc"
"C0000000d-B008-13-kWh L1-JTWH",-200000,200000,"kWh","Atelier mécanique Cheylas L1 energie","REAL","TRUE",0.01,5,0,"vmuc"
"C0000000d-B008-13-kWh (-)-JTWH",-200000,200000,"kWh","Atelier mécanique Cheylas quezaco2","REAL","TRUE",0.01,5,0,"vmuc"
"C0000000d-B008-13-kW sys-JTW",-200000,200000,"kW","Atelier mécanique Cheylas puissance","REAL","TRUE",0.01,5,0,"vmuc"
"C0000000d-B008-13-kW L3-JTW",-200000,200000,"kW","Atelier mécanique Cheylas L3 puissance","REAL","TRUE",0.01,5,0,"vmuc"
"C0000000d-B008-13-kW L2-JTW",-200000,200000,"kW","Atelier mécanique Cheylas L2 puissance","REAL","TRUE",0.01,5,0,"vmuc"
"C0000000d-B008-13-kW L1-JTW",-200000,200000,"kW","Atelier mécanique Cheylas L1 puissance","REAL","TRUE",0.01,5,0,"vmuc"
"C0000000d-B008-13-kW dmd-JTW",-200000,200000,"kW","Atelier mécanique Cheylas puissance demandée","REAL","TRUE",0.01,5,0,"vmuc"
"C0000000d-B008-13-kvarh-JTVarH",-200000,200000,"kvarh","Atelier mécanique Cheylas quezaco4","REAL","TRUE",0.01,5,0,"vmuc"
"C0000000d-B008-13-kvar sys-JTVar",-200000,200000,"kvar","Atelier mécanique Cheylas puissance reactive","REAL","TRUE",0.01,5,0,"vmuc"
"C0000000d-B008-13-kvar L3-JTVar",-200000,200000,"kvar","Atelier mécanique Cheylas L3 puissance reactive","REAL","TRUE",0.01,5,0,"vmuc"
"C0000000d-B008-13-kvar L2-JTVar",-200000,200000,"kvar","Atelier mécanique Cheylas L2 puissance reactive","REAL","TRUE",0.01,5,0,"vmuc"
"C0000000d-B008-13-kvar L1-JTVar",-200000,200000,"kvar","Atelier mécanique Cheylas L1 puissance reactive","REAL","TRUE",0.01,5,0,"vmuc"
"C0000000d-B008-13-kVA sys-JTVA",-200000,200000,"kVA","Atelier mécanique Cheylas puissance active","REAL","TRUE",0.01,5,0,"vmuc"
"C0000000d-B008-13-kVA L3-JTVA",-200000,200000,"kVA","Atelier mécanique Cheylas L3 puissance active","REAL","TRUE",0.01,5,0,"vmuc"
"C0000000d-B008-13-kVA L2-JTVA",-200000,200000,"kVA","Atelier mécanique Cheylas L2 puissance active","REAL","TRUE",0.01,5,0,"vmuc"
"C0000000d-B008-13-kVA L1-JTVA",-200000,200000,"kVA","Atelier mécanique Cheylas L1 puissance active","REAL","TRUE",0.01,5,0,"vmuc"
"C0000000c-A005-12-kWh-JTWH",-200000,200000,"kWh","Poste de garde  energie","REAL","TRUE",0.01,5,0,"vmuc"
"C0000000c-A005-12-kWh L3-JTWH",-200000,200000,"kWh","Poste de garde  L3 energie","REAL","TRUE",0.01,5,0,"vmuc"
"C0000000c-A005-12-kWh L2-JTWH",-200000,200000,"kWh","Poste de garde  L2 energie","REAL","TRUE",0.01,5,0,"vmuc"
"C0000000c-A005-12-kWh L1-JTWH",-200000,200000,"kWh","Poste de garde  L1 energie","REAL","TRUE",0.01,5,0,"vmuc"
"C0000000c-A005-12-kWh (-)-JTWH",-200000,200000,"kWh","Poste de garde  quezaco2","REAL","TRUE",0.01,5,0,"vmuc"
"C0000000c-A005-12-kW sys-JTW",-200000,200000,"kW","Poste de garde  puissance","REAL","TRUE",0.01,5,0,"vmuc"
"C0000000c-A005-12-kW L3-JTW",-200000,200000,"kW","Poste de garde  L3 puissance","REAL","TRUE",0.01,5,0,"vmuc"
"C0000000c-A005-12-kW L2-JTW",-200000,200000,"kW","Poste de garde  L2 puissance","REAL","TRUE",0.01,5,0,"vmuc"
"C0000000c-A005-12-kW L1-JTW",-200000,200000,"kW","Poste de garde  L1 puissance","REAL","TRUE",0.01,5,0,"vmuc"
"C0000000c-A005-12-kW dmd-JTW",-200000,200000,"kW","Poste de garde  puissance demandée","REAL","TRUE",0.01,5,0,"vmuc"
"C0000000c-A005-12-kvarh-JTVarH",-200000,200000,"kvarh","Poste de garde  quezaco4","REAL","TRUE",0.01,5,0,"vmuc"
"C0000000c-A005-12-kvar sys-JTVar",-200000,200000,"kvar","Poste de garde  puissance reactive","REAL","TRUE",0.01,5,0,"vmuc"
"C0000000c-A005-12-kvar L3-JTVar",-200000,200000,"kvar","Poste de garde  L3 puissance reactive","REAL","TRUE",0.01,5,0,"vmuc"
"C0000000c-A005-12-kvar L2-JTVar",-200000,200000,"kvar","Poste de garde  L2 puissance reactive","REAL","TRUE",0.01,5,0,"vmuc"
"C0000000c-A005-12-kvar L1-JTVar",-200000,200000,"kvar","Poste de garde  L1 puissance reactive","REAL","TRUE",0.01,5,0,"vmuc"
"C0000000c-A005-12-kVA sys-JTVA",-200000,200000,"kVA","Poste de garde  puissance active","REAL","TRUE",0.01,5,0,"vmuc"
"C0000000c-A005-12-kVA L3-JTVA",-200000,200000,"kVA","Poste de garde  L3 puissance active","REAL","TRUE",0.01,5,0,"vmuc"
"C0000000c-A005-12-kVA L2-JTVA",-200000,200000,"kVA","Poste de garde  L2 puissance active","REAL","TRUE",0.01,5,0,"vmuc"
"C0000000c-A005-12-kVA L1-JTVA",-200000,200000,"kVA","Poste de garde  L1 puissance active","REAL","TRUE",0.01,5,0,"vmuc"
"C0000000b-D001-11-kWh-JTWH",-200000,200000,"kWh","Clim Sweetair energie","REAL","TRUE",0.01,5,0,"vmuc"
"C0000000b-D001-11-kWh L3-JTWH",-200000,200000,"kWh","Clim Sweetair L3 energie","REAL","TRUE",0.01,5,0,"vmuc"
"C0000000b-D001-11-kWh L2-JTWH",-200000,200000,"kWh","Clim Sweetair L2 energie","REAL","TRUE",0.01,5,0,"vmuc"
"C0000000b-D001-11-kWh L1-JTWH",-200000,200000,"kWh","Clim Sweetair L1 energie","REAL","TRUE",0.01,5,0,"vmuc"
"C0000000b-D001-11-kWh (-)-JTWH",-200000,200000,"kWh","Clim Sweetair quezaco2","REAL","TRUE",0.01,5,0,"vmuc"
"C0000000b-D001-11-kW sys-JTW",-200000,200000,"kW","Clim Sweetair puissance","REAL","TRUE",0.01,5,0,"vmuc"
"C0000000b-D001-11-kW L3-JTW",-200000,200000,"kW","Clim Sweetair L3 puissance","REAL","TRUE",0.01,5,0,"vmuc"
"C0000000b-D001-11-kW L2-JTW",-200000,200000,"kW","Clim Sweetair L2 puissance","REAL","TRUE",0.01,5,0,"vmuc"
"C0000000b-D001-11-kW L1-JTW",-200000,200000,"kW","Clim Sweetair L1 puissance","REAL","TRUE",0.01,5,0,"vmuc"
"C0000000b-D001-11-kW dmd-JTW",-200000,200000,"kW","Clim Sweetair puissance demandée","REAL","TRUE",0.01,5,0,"vmuc"
"C0000000b-D001-11-kvarh-JTVarH",-200000,200000,"kvarh","Clim Sweetair quezaco4","REAL","TRUE",0.01,5,0,"vmuc"
"C0000000b-D001-11-kvar sys-JTVar",-200000,200000,"kvar","Clim Sweetair puissance reactive","REAL","TRUE",0.01,5,0,"vmuc"
"C0000000b-D001-11-kvar L3-JTVar",-200000,200000,"kvar","Clim Sweetair L3 puissance reactive","REAL","TRUE",0.01,5,0,"vmuc"
"C0000000b-D001-11-kvar L2-JTVar",-200000,200000,"kvar","Clim Sweetair L2 puissance reactive","REAL","TRUE",0.01,5,0,"vmuc"
"C0000000b-D001-11-kvar L1-JTVar",-200000,200000,"kvar","Clim Sweetair L1 puissance reactive","REAL","TRUE",0.01,5,0,"vmuc"
"C0000000b-D001-11-kVA sys-JTVA",-200000,200000,"kVA","Clim Sweetair puissance active","REAL","TRUE",0.01,5,0,"vmuc"
"C0000000b-D001-11-kVA L3-JTVA",-200000,200000,"kVA","Clim Sweetair L3 puissance active","REAL","TRUE",0.01,5,0,"vmuc"
"C0000000b-D001-11-kVA L2-JTVA",-200000,200000,"kVA","Clim Sweetair L2 puissance active","REAL","TRUE",0.01,5,0,"vmuc"
"C0000000b-D001-11-kVA L1-JTVA",-200000,200000,"kVA","Clim Sweetair L1 puissance active","REAL","TRUE",0.01,5,0,"vmuc"
"C0000000a-D002-10-kWh-JTWH",-200000,200000,"kWh","RDC aile Chartreuse energie","REAL","TRUE",0.01,5,0,"vmuc"
"C0000000a-D002-10-kWh L3-JTWH",-200000,200000,"kWh","RDC aile Chartreuse L3 energie","REAL","TRUE",0.01,5,0,"vmuc"
"C0000000a-D002-10-kWh L2-JTWH",-200000,200000,"kWh","RDC aile Chartreuse L2 energie","REAL","TRUE",0.01,5,0,"vmuc"
"C0000000a-D002-10-kWh L1-JTWH",-200000,200000,"kWh","RDC aile Chartreuse L1 energie","REAL","TRUE",0.01,5,0,"vmuc"
"C0000000a-D002-10-kWh (-)-JTWH",-200000,200000,"kWh","RDC aile Chartreuse quezaco2","REAL","TRUE",0.01,5,0,"vmuc"
"C0000000a-D002-10-kW sys-JTW",-200000,200000,"kW","RDC aile Chartreuse puissance","REAL","TRUE",0.01,5,0,"vmuc"
"C0000000a-D002-10-kW L3-JTW",-200000,200000,"kW","RDC aile Chartreuse L3 puissance","REAL","TRUE",0.01,5,0,"vmuc"
"C0000000a-D002-10-kW L2-JTW",-200000,200000,"kW","RDC aile Chartreuse L2 puissance","REAL","TRUE",0.01,5,0,"vmuc"
"C0000000a-D002-10-kW L1-JTW",-200000,200000,"kW","RDC aile Chartreuse L1 puissance","REAL","TRUE",0.01,5,0,"vmuc"
"C0000000a-D002-10-kW dmd-JTW",-200000,200000,"kW","RDC aile Chartreuse puissance demandée","REAL","TRUE",0.01,5,0,"vmuc"
"C0000000a-D002-10-kvarh-JTVarH",-200000,200000,"kvarh","RDC aile Chartreuse quezaco4","REAL","TRUE",0.01,5,0,"vmuc"
"C0000000a-D002-10-kvar sys-JTVar",-200000,200000,"kvar","RDC aile Chartreuse puissance reactive","REAL","TRUE",0.01,5,0,"vmuc"
"C0000000a-D002-10-kvar L3-JTVar",-200000,200000,"kvar","RDC aile Chartreuse L3 puissance reactive","REAL","TRUE",0.01,5,0,"vmuc"
"C0000000a-D002-10-kvar L2-JTVar",-200000,200000,"kvar","RDC aile Chartreuse L2 puissance reactive","REAL","TRUE",0.01,5,0,"vmuc"
"C0000000a-D002-10-kvar L1-JTVar",-200000,200000,"kvar","RDC aile Chartreuse L1 puissance reactive","REAL","TRUE",0.01,5,0,"vmuc"
"C0000000a-D002-10-kVA sys-JTVA",-200000,200000,"kVA","RDC aile Chartreuse puissance active","REAL","TRUE",0.01,5,0,"vmuc"
"C0000000a-D002-10-kVA L3-JTVA",-200000,200000,"kVA","RDC aile Chartreuse L3 puissance active","REAL","TRUE",0.01,5,0,"vmuc"
"C0000000a-D002-10-kVA L2-JTVA",-200000,200000,"kVA","RDC aile Chartreuse L2 puissance active","REAL","TRUE",0.01,5,0,"vmuc"
"C0000000a-D002-10-kVA L1-JTVA",-200000,200000,"kVA","RDC aile Chartreuse L1 puissance active","REAL","TRUE",0.01,5,0,"vmuc"
"C00000009-A004-9-kWh-JTWH",-200000,200000,"kWh","Locaux sociaux de Sibuet energie","REAL","TRUE",0.01,5,0,"vmuc"
"C00000009-A004-9-kWh L3-JTWH",-200000,200000,"kWh","Locaux sociaux de Sibuet L3 energie","REAL","TRUE",0.01,5,0,"vmuc"
"C00000009-A004-9-kWh L2-JTWH",-200000,200000,"kWh","Locaux sociaux de Sibuet L2 energie","REAL","TRUE",0.01,5,0,"vmuc"
"C00000009-A004-9-kWh L1-JTWH",-200000,200000,"kWh","Locaux sociaux de Sibuet L1 energie","REAL","TRUE",0.01,5,0,"vmuc"
"C00000009-A004-9-kWh (-)-JTWH",-200000,200000,"kWh","Locaux sociaux de Sibuet quezaco2","REAL","TRUE",0.01,5,0,"vmuc"
"C00000009-A004-9-kW sys-JTW",-200000,200000,"kW","Locaux sociaux de Sibuet puissance","REAL","TRUE",0.01,5,0,"vmuc"
"C00000009-A004-9-kW L3-JTW",-200000,200000,"kW","Locaux sociaux de Sibuet L3 puissance","REAL","TRUE",0.01,5,0,"vmuc"
"C00000009-A004-9-kW L2-JTW",-200000,200000,"kW","Locaux sociaux de Sibuet L2 puissance","REAL","TRUE",0.01,5,0,"vmuc"
"C00000009-A004-9-kW L1-JTW",-200000,200000,"kW","Locaux sociaux de Sibuet L1 puissance","REAL","TRUE",0.01,5,0,"vmuc"
"C00000009-A004-9-kW dmd-JTW",-200000,200000,"kW","Locaux sociaux de Sibuet puissance demandée","REAL","TRUE",0.01,5,0,"vmuc"
"C00000009-A004-9-kvarh-JTVarH",-200000,200000,"kvarh","Locaux sociaux de Sibuet quezaco4","REAL","TRUE",0.01,5,0,"vmuc"
"C00000009-A004-9-kvar sys-JTVar",-200000,200000,"kvar","Locaux sociaux de Sibuet puissance reactive","REAL","TRUE",0.01,5,0,"vmuc"
"C00000009-A004-9-kvar L3-JTVar",-200000,200000,"kvar","Locaux sociaux de Sibuet L3 puissance reactive","REAL","TRUE",0.01,5,0,"vmuc"
"C00000009-A004-9-kvar L2-JTVar",-200000,200000,"kvar","Locaux sociaux de Sibuet L2 puissance reactive","REAL","TRUE",0.01,5,0,"vmuc"
"C00000009-A004-9-kvar L1-JTVar",-200000,200000,"kvar","Locaux sociaux de Sibuet L1 puissance reactive","REAL","TRUE",0.01,5,0,"vmuc"
"C00000009-A004-9-kVA sys-JTVA",-200000,200000,"kVA","Locaux sociaux de Sibuet puissance active","REAL","TRUE",0.01,5,0,"vmuc"
"C00000009-A004-9-kVA L3-JTVA",-200000,200000,"kVA","Locaux sociaux de Sibuet L3 puissance active","REAL","TRUE",0.01,5,0,"vmuc"
"C00000009-A004-9-kVA L2-JTVA",-200000,200000,"kVA","Locaux sociaux de Sibuet L2 puissance active","REAL","TRUE",0.01,5,0,"vmuc"
"C00000009-A004-9-kVA L1-JTVA",-200000,200000,"kVA","Locaux sociaux de Sibuet L1 puissance active","REAL","TRUE",0.01,5,0,"vmuc"
"C00000008-B003-8-kWh-JTWH",-200000,200000,"kWh","K2M energie","REAL","TRUE",0.01,5,0,"vmuc"
"C00000008-B003-8-kWh L3-JTWH",-200000,200000,"kWh","K2M L3 energie","REAL","TRUE",0.01,5,0,"vmuc"
"C00000008-B003-8-kWh L2-JTWH",-200000,200000,"kWh","K2M L2 energie","REAL","TRUE",0.01,5,0,"vmuc"
"C00000008-B003-8-kWh L1-JTWH",-200000,200000,"kWh","K2M L1 energie","REAL","TRUE",0.01,5,0,"vmuc"
"C00000008-B003-8-kWh (-)-JTWH",-200000,200000,"kWh","K2M quezaco2","REAL","TRUE",0.01,5,0,"vmuc"
"C00000008-B003-8-kW sys-JTW",-200000,200000,"kW","K2M puissance","REAL","TRUE",0.01,5,0,"vmuc"
"C00000008-B003-8-kW L3-JTW",-200000,200000,"kW","K2M L3 puissance","REAL","TRUE",0.01,5,0,"vmuc"
"C00000008-B003-8-kW L2-JTW",-200000,200000,"kW","K2M L2 puissance","REAL","TRUE",0.01,5,0,"vmuc"
"C00000008-B003-8-kW L1-JTW",-200000,200000,"kW","K2M L1 puissance","REAL","TRUE",0.01,5,0,"vmuc"
"C00000008-B003-8-kW dmd-JTW",-200000,200000,"kW","K2M puissance demandée","REAL","TRUE",0.01,5,0,"vmuc"
"C00000008-B003-8-kvarh-JTVarH",-200000,200000,"kvarh","K2M quezaco4","REAL","TRUE",0.01,5,0,"vmuc"
"C00000008-B003-8-kvar sys-JTVar",-200000,200000,"kvar","K2M puissance reactive","REAL","TRUE",0.01,5,0,"vmuc"
"C00000008-B003-8-kvar L3-JTVar",-200000,200000,"kvar","K2M L3 puissance reactive","REAL","TRUE",0.01,5,0,"vmuc"
"C00000008-B003-8-kvar L2-JTVar",-200000,200000,"kvar","K2M L2 puissance reactive","REAL","TRUE",0.01,5,0,"vmuc"
"C00000008-B003-8-kvar L1-JTVar",-200000,200000,"kvar","K2M L1 puissance reactive","REAL","TRUE",0.01,5,0,"vmuc"
"C00000008-B003-8-kVA sys-JTVA",-200000,200000,"kVA","K2M puissance active","REAL","TRUE",0.01,5,0,"vmuc"
"C00000008-B003-8-kVA L3-JTVA",-200000,200000,"kVA","K2M L3 puissance active","REAL","TRUE",0.01,5,0,"vmuc"
"C00000008-B003-8-kVA L2-JTVA",-200000,200000,"kVA","K2M L2 puissance active","REAL","TRUE",0.01,5,0,"vmuc"
"C00000008-B003-8-kVA L1-JTVA",-200000,200000,"kVA","K2M L1 puissance active","REAL","TRUE",0.01,5,0,"vmuc"
"C00000007-B005-7-kWh-JTWH",-200000,200000,"kWh","Cascade energie","REAL","TRUE",0.01,5,0,"vmuc"
"C00000007-B005-7-kWh L3-JTWH",-200000,200000,"kWh","Cascade L3 energie","REAL","TRUE",0.01,5,0,"vmuc"
"C00000007-B005-7-kWh L2-JTWH",-200000,200000,"kWh","Cascade L2 energie","REAL","TRUE",0.01,5,0,"vmuc"
"C00000007-B005-7-kWh L1-JTWH",-200000,200000,"kWh","Cascade L1 energie","REAL","TRUE",0.01,5,0,"vmuc"
"C00000007-B005-7-kWh (-)-JTWH",-200000,200000,"kWh","Cascade quezaco2","REAL","TRUE",0.01,5,0,"vmuc"
"C00000007-B005-7-kW sys-JTW",-200000,200000,"kW","Cascade puissance","REAL","TRUE",0.01,5,0,"vmuc"
"C00000007-B005-7-kW L3-JTW",-200000,200000,"kW","Cascade L3 puissance","REAL","TRUE",0.01,5,0,"vmuc"
"C00000007-B005-7-kW L2-JTW",-200000,200000,"kW","Cascade L2 puissance","REAL","TRUE",0.01,5,0,"vmuc"
"C00000007-B005-7-kW L1-JTW",-200000,200000,"kW","Cascade L1 puissance","REAL","TRUE",0.01,5,0,"vmuc"
"C00000007-B005-7-kW dmd-JTW",-200000,200000,"kW","Cascade puissance demandée","REAL","TRUE",0.01,5,0,"vmuc"
"C00000007-B005-7-kvarh-JTVarH",-200000,200000,"kvarh","Cascade quezaco4","REAL","TRUE",0.01,5,0,"vmuc"
"C00000007-B005-7-kvar sys-JTVar",-200000,200000,"kvar","Cascade puissance reactive","REAL","TRUE",0.01,5,0,"vmuc"
"C00000007-B005-7-kvar L3-JTVar",-200000,200000,"kvar","Cascade L3 puissance reactive","REAL","TRUE",0.01,5,0,"vmuc"
"C00000007-B005-7-kvar L2-JTVar",-200000,200000,"kvar","Cascade L2 puissance reactive","REAL","TRUE",0.01,5,0,"vmuc"
"C00000007-B005-7-kvar L1-JTVar",-200000,200000,"kvar","Cascade L1 puissance reactive","REAL","TRUE",0.01,5,0,"vmuc"
"C00000007-B005-7-kVA sys-JTVA",-200000,200000,"kVA","Cascade puissance active","REAL","TRUE",0.01,5,0,"vmuc"
"C00000007-B005-7-kVA L3-JTVA",-200000,200000,"kVA","Cascade L3 puissance active","REAL","TRUE",0.01,5,0,"vmuc"
"C00000007-B005-7-kVA L2-JTVA",-200000,200000,"kVA","Cascade L2 puissance active","REAL","TRUE",0.01,5,0,"vmuc"
"C00000007-B005-7-kVA L1-JTVA",-200000,200000,"kVA","Cascade L1 puissance active","REAL","TRUE",0.01,5,0,"vmuc"
"C00000006-B006-6-kWh-JTWH",-200000,200000,"kWh","Carrossier energie","REAL","TRUE",0.01,5,0,"vmuc"
"C00000006-B006-6-kWh L3-JTWH",-200000,200000,"kWh","Carrossier L3 energie","REAL","TRUE",0.01,5,0,"vmuc"
"C00000006-B006-6-kWh L2-JTWH",-200000,200000,"kWh","Carrossier L2 energie","REAL","TRUE",0.01,5,0,"vmuc"
"C00000006-B006-6-kWh L1-JTWH",-200000,200000,"kWh","Carrossier L1 energie","REAL","TRUE",0.01,5,0,"vmuc"
"C00000006-B006-6-kWh (-)-JTWH",-200000,200000,"kWh","Carrossier quezaco2","REAL","TRUE",0.01,5,0,"vmuc"
"C00000006-B006-6-kW sys-JTW",-200000,200000,"kW","Carrossier puissance","REAL","TRUE",0.01,5,0,"vmuc"
"C00000006-B006-6-kW L3-JTW",-200000,200000,"kW","Carrossier L3 puissance","REAL","TRUE",0.01,5,0,"vmuc"
"C00000006-B006-6-kW L2-JTW",-200000,200000,"kW","Carrossier L2 puissance","REAL","TRUE",0.01,5,0,"vmuc"
"C00000006-B006-6-kW L1-JTW",-200000,200000,"kW","Carrossier L1 puissance","REAL","TRUE",0.01,5,0,"vmuc"
"C00000006-B006-6-kW dmd-JTW",-200000,200000,"kW","Carrossier puissance demandée","REAL","TRUE",0.01,5,0,"vmuc"
"C00000006-B006-6-kvarh-JTVarH",-200000,200000,"kvarh","Carrossier quezaco4","REAL","TRUE",0.01,5,0,"vmuc"
"C00000006-B006-6-kvar sys-JTVar",-200000,200000,"kvar","Carrossier puissance reactive","REAL","TRUE",0.01,5,0,"vmuc"
"C00000006-B006-6-kvar L3-JTVar",-200000,200000,"kvar","Carrossier L3 puissance reactive","REAL","TRUE",0.01,5,0,"vmuc"
"C00000006-B006-6-kvar L2-JTVar",-200000,200000,"kvar","Carrossier L2 puissance reactive","REAL","TRUE",0.01,5,0,"vmuc"
"C00000006-B006-6-kvar L1-JTVar",-200000,200000,"kvar","Carrossier L1 puissance reactive","REAL","TRUE",0.01,5,0,"vmuc"
"C00000006-B006-6-kVA sys-JTVA",-200000,200000,"kVA","Carrossier puissance active","REAL","TRUE",0.01,5,0,"vmuc"
"C00000006-B006-6-kVA L3-JTVA",-200000,200000,"kVA","Carrossier L3 puissance active","REAL","TRUE",0.01,5,0,"vmuc"
"C00000006-B006-6-kVA L2-JTVA",-200000,200000,"kVA","Carrossier L2 puissance active","REAL","TRUE",0.01,5,0,"vmuc"
"C00000006-B006-6-kVA L1-JTVA",-200000,200000,"kVA","Carrossier L1 puissance active","REAL","TRUE",0.01,5,0,"vmuc"
"C00000005-A001-5-kWh-JTWH",-200000,200000,"kWh","coffret ""local pompes"" energie","REAL","TRUE",0.01,5,0,"vmuc"
"C00000005-A001-5-kWh L3-JTWH",-200000,200000,"kWh","coffret ""local pompes"" L3 energie","REAL","TRUE",0.01,5,0,"vmuc"
"C00000005-A001-5-kWh L2-JTWH",-200000,200000,"kWh","coffret ""local pompes"" L2 energie","REAL","TRUE",0.01,5,0,"vmuc"
"C00000005-A001-5-kWh L1-JTWH",-200000,200000,"kWh","coffret ""local pompes"" L1 energie","REAL","TRUE",0.01,5,0,"vmuc"
"C00000005-A001-5-kWh (-)-JTWH",-200000,200000,"kWh","coffret ""local pompes"" quezaco2","REAL","TRUE",0.01,5,0,"vmuc"
"C00000005-A001-5-kW sys-JTW",-200000,200000,"kW","coffret ""local pompes"" puissance","REAL","TRUE",0.01,5,0,"vmuc"
"C00000005-A001-5-kW L3-JTW",-200000,200000,"kW","coffret ""local pompes"" L3 puissance","REAL","TRUE",0.01,5,0,"vmuc"
"C00000005-A001-5-kW L2-JTW",-200000,200000,"kW","coffret ""local pompes"" L2 puissance","REAL","TRUE",0.01,5,0,"vmuc"
"C00000005-A001-5-kW L1-JTW",-200000,200000,"kW","coffret ""local pompes"" L1 puissance","REAL","TRUE",0.01,5,0,"vmuc"
"C00000005-A001-5-kW dmd-JTW",-200000,200000,"kW","coffret ""local pompes"" puissance demandée","REAL","TRUE",0.01,5,0,"vmuc"
"C00000005-A001-5-kvarh-JTVarH",-200000,200000,"kvarh","coffret ""local pompes"" quezaco4","REAL","TRUE",0.01,5,0,"vmuc"
"C00000005-A001-5-kvar sys-JTVar",-200000,200000,"kvar","coffret ""local pompes"" puissance reactive","REAL","TRUE",0.01,5,0,"vmuc"
"C00000005-A001-5-kvar L3-JTVar",-200000,200000,"kvar","coffret ""local pompes"" L3 puissance reactive","REAL","TRUE",0.01,5,0,"vmuc"
"C00000005-A001-5-kvar L2-JTVar",-200000,200000,"kvar","coffret ""local pompes"" L2 puissance reactive","REAL","TRUE",0.01,5,0,"vmuc"
"C00000005-A001-5-kvar L1-JTVar",-200000,200000,"kvar","coffret ""local pompes"" L1 puissance reactive","REAL","TRUE",0.01,5,0,"vmuc"
"C00000005-A001-5-kVA sys-JTVA",-200000,200000,"kVA","coffret ""local pompes"" puissance active","REAL","TRUE",0.01,5,0,"vmuc"
"C00000005-A001-5-kVA L3-JTVA",-200000,200000,"kVA","coffret ""local pompes"" L3 puissance active","REAL","TRUE",0.01,5,0,"vmuc"
"C00000005-A001-5-kVA L2-JTVA",-200000,200000,"kVA","coffret ""local pompes"" L2 puissance active","REAL","TRUE",0.01,5,0,"vmuc"
"C00000005-A001-5-kVA L1-JTVA",-200000,200000,"kVA","coffret ""local pompes"" L1 puissance active","REAL","TRUE",0.01,5,0,"vmuc"
"C00000004-A002-4-kWh-JTWH",-200000,200000,"kWh","Bureaux et communs administratif centraux rez de chaussée energie","REAL","TRUE",0.01,5,0,"vmuc"
"C00000004-A002-4-kWh L3-JTWH",-200000,200000,"kWh","Bureaux et communs administratif centraux rez de chaussée L3 energie","REAL","TRUE",0.01,5,0,"vmuc"
"C00000004-A002-4-kWh L2-JTWH",-200000,200000,"kWh","Bureaux et communs administratif centraux rez de chaussée L2 energie","REAL","TRUE",0.01,5,0,"vmuc"
"C00000004-A002-4-kWh L1-JTWH",-200000,200000,"kWh","Bureaux et communs administratif centraux rez de chaussée L1 energie","REAL","TRUE",0.01,5,0,"vmuc"
"C00000004-A002-4-kWh (-)-JTWH",-200000,200000,"kWh","Bureaux et communs administratif centraux rez de chaussée quezaco2","REAL","TRUE",0.01,5,0,"vmuc"
"C00000004-A002-4-kW sys-JTW",-200000,200000,"kW","Bureaux et communs administratif centraux rez de chaussée puissance","REAL","TRUE",0.01,5,0,"vmuc"
"C00000004-A002-4-kW L3-JTW",-200000,200000,"kW","Bureaux et communs administratif centraux rez de chaussée L3 puissance","REAL","TRUE",0.01,5,0,"vmuc"
"C00000004-A002-4-kW L2-JTW",-200000,200000,"kW","Bureaux et communs administratif centraux rez de chaussée L2 puissance","REAL","TRUE",0.01,5,0,"vmuc"
"C00000004-A002-4-kW L1-JTW",-200000,200000,"kW","Bureaux et communs administratif centraux rez de chaussée L1 puissance","REAL","TRUE",0.01,5,0,"vmuc"
"C00000004-A002-4-kW dmd-JTW",-200000,200000,"kW","Bureaux et communs administratif centraux rez de chaussée puissance demandée","REAL","TRUE",0.01,5,0,"vmuc"
"C00000004-A002-4-kvarh-JTVarH",-200000,200000,"kvarh","Bureaux et communs administratif centraux rez de chaussée quezaco4","REAL","TRUE",0.01,5,0,"vmuc"
"C00000004-A002-4-kvar sys-JTVar",-200000,200000,"kvar","Bureaux et communs administratif centraux rez de chaussée puissance reactive","REAL","TRUE",0.01,5,0,"vmuc"
"C00000004-A002-4-kvar L3-JTVar",-200000,200000,"kvar","Bureaux et communs administratif centraux rez de chaussée L3 puissance reactive","REAL","TRUE",0.01,5,0,"vmuc"
"C00000004-A002-4-kvar L2-JTVar",-200000,200000,"kvar","Bureaux et communs administratif centraux rez de chaussée L2 puissance reactive","REAL","TRUE",0.01,5,0,"vmuc"
"C00000004-A002-4-kvar L1-JTVar",-200000,200000,"kvar","Bureaux et communs administratif centraux rez de chaussée L1 puissance reactive","REAL","TRUE",0.01,5,0,"vmuc"
"C00000004-A002-4-kVA sys-JTVA",-200000,200000,"kVA","Bureaux et communs administratif centraux rez de chaussée puissance active","REAL","TRUE",0.01,5,0,"vmuc"
"C00000004-A002-4-kVA L3-JTVA",-200000,200000,"kVA","Bureaux et communs administratif centraux rez de chaussée L3 puissance active","REAL","TRUE",0.01,5,0,"vmuc"
"C00000004-A002-4-kVA L2-JTVA",-200000,200000,"kVA","Bureaux et communs administratif centraux rez de chaussée L2 puissance active","REAL","TRUE",0.01,5,0,"vmuc"
"C00000004-A002-4-kVA L1-JTVA",-200000,200000,"kVA","Bureaux et communs administratif centraux rez de chaussée L1 puissance active","REAL","TRUE",0.01,5,0,"vmuc"
"C00000003-B001-3-kWh-JTWH",-200000,200000,"kWh","Sylfen energie","REAL","TRUE",0.01,5,0,"vmuc"
"C00000003-B001-3-kWh L3-JTWH",-200000,200000,"kWh","Sylfen L3 energie","REAL","TRUE",0.01,5,0,"vmuc"
"C00000003-B001-3-kWh L2-JTWH",-200000,200000,"kWh","Sylfen L2 energie","REAL","TRUE",0.01,5,0,"vmuc"
"C00000003-B001-3-kWh L1-JTWH",-200000,200000,"kWh","Sylfen L1 energie","REAL","TRUE",0.01,5,0,"vmuc"
"C00000003-B001-3-kWh (-)-JTWH",-200000,200000,"kWh","Sylfen quezaco2","REAL","TRUE",0.01,5,0,"vmuc"
"C00000003-B001-3-kW sys-JTW",-200000,200000,"kW","Sylfen puissance","REAL","TRUE",0.01,5,0,"vmuc"
"C00000003-B001-3-kW L3-JTW",-200000,200000,"kW","Sylfen L3 puissance","REAL","TRUE",0.01,5,0,"vmuc"
"C00000003-B001-3-kW L2-JTW",-200000,200000,"kW","Sylfen L2 puissance","REAL","TRUE",0.01,5,0,"vmuc"
"C00000003-B001-3-kW L1-JTW",-200000,200000,"kW","Sylfen L1 puissance","REAL","TRUE",0.01,5,0,"vmuc"
"C00000003-B001-3-kW dmd-JTW",-200000,200000,"kW","Sylfen puissance demandée","REAL","TRUE",0.01,5,0,"vmuc"
"C00000003-B001-3-kvarh-JTVarH",-200000,200000,"kvarh","Sylfen quezaco4","REAL","TRUE",0.01,5,0,"vmuc"
"C00000003-B001-3-kvar sys-JTVar",-200000,200000,"kvar","Sylfen puissance reactive","REAL","TRUE",0.01,5,0,"vmuc"
"C00000003-B001-3-kvar L3-JTVar",-200000,200000,"kvar","Sylfen L3 puissance reactive","REAL","TRUE",0.01,5,0,"vmuc"
"C00000003-B001-3-kvar L2-JTVar",-200000,200000,"kvar","Sylfen L2 puissance reactive","REAL","TRUE",0.01,5,0,"vmuc"
"C00000003-B001-3-kvar L1-JTVar",-200000,200000,"kvar","Sylfen L1 puissance reactive","REAL","TRUE",0.01,5,0,"vmuc"
"C00000003-B001-3-kVA sys-JTVA",-200000,200000,"kVA","Sylfen puissance active","REAL","TRUE",0.01,5,0,"vmuc"
"C00000003-B001-3-kVA L3-JTVA",-200000,200000,"kVA","Sylfen L3 puissance active","REAL","TRUE",0.01,5,0,"vmuc"
"C00000003-B001-3-kVA L2-JTVA",-200000,200000,"kVA","Sylfen L2 puissance active","REAL","TRUE",0.01,5,0,"vmuc"
"C00000003-B001-3-kVA L1-JTVA",-200000,200000,"kVA","Sylfen L1 puissance active","REAL","TRUE",0.01,5,0,"vmuc"
"C00000002-B007-2-kWh-JTWH",-200000,200000,"kWh","Sibuet atelier (hall à billettes) energie","REAL","TRUE",0.01,5,0,"vmuc"
"C00000002-B007-2-kWh L3-JTWH",-200000,200000,"kWh","Sibuet atelier (hall à billettes) L3 energie","REAL","TRUE",0.01,5,0,"vmuc"
"C00000002-B007-2-kWh L2-JTWH",-200000,200000,"kWh","Sibuet atelier (hall à billettes) L2 energie","REAL","TRUE",0.01,5,0,"vmuc"
"C00000002-B007-2-kWh L1-JTWH",-200000,200000,"kWh","Sibuet atelier (hall à billettes) L1 energie","REAL","TRUE",0.01,5,0,"vmuc"
"C00000002-B007-2-kWh (-)-JTWH",-200000,200000,"kWh","Sibuet atelier (hall à billettes) quezaco2","REAL","TRUE",0.01,5,0,"vmuc"
"C00000002-B007-2-kW sys-JTW",-200000,200000,"kW","Sibuet atelier (hall à billettes) puissance","REAL","TRUE",0.01,5,0,"vmuc"
"C00000002-B007-2-kW L3-JTW",-200000,200000,"kW","Sibuet atelier (hall à billettes) L3 puissance","REAL","TRUE",0.01,5,0,"vmuc"
"C00000002-B007-2-kW L2-JTW",-200000,200000,"kW","Sibuet atelier (hall à billettes) L2 puissance","REAL","TRUE",0.01,5,0,"vmuc"
"C00000002-B007-2-kW L1-JTW",-200000,200000,"kW","Sibuet atelier (hall à billettes) L1 puissance","REAL","TRUE",0.01,5,0,"vmuc"
"C00000002-B007-2-kW dmd-JTW",-200000,200000,"kW","Sibuet atelier (hall à billettes) puissance demandée","REAL","TRUE",0.01,5,0,"vmuc"
"C00000002-B007-2-kvarh-JTVarH",-200000,200000,"kvarh","Sibuet atelier (hall à billettes) quezaco4","REAL","TRUE",0.01,5,0,"vmuc"
"C00000002-B007-2-kvar sys-JTVar",-200000,200000,"kvar","Sibuet atelier (hall à billettes) puissance reactive","REAL","TRUE",0.01,5,0,"vmuc"
"C00000002-B007-2-kvar L3-JTVar",-200000,200000,"kvar","Sibuet atelier (hall à billettes) L3 puissance reactive","REAL","TRUE",0.01,5,0,"vmuc"
"C00000002-B007-2-kvar L2-JTVar",-200000,200000,"kvar","Sibuet atelier (hall à billettes) L2 puissance reactive","REAL","TRUE",0.01,5,0,"vmuc"
"C00000002-B007-2-kvar L1-JTVar",-200000,200000,"kvar","Sibuet atelier (hall à billettes) L1 puissance reactive","REAL","TRUE",0.01,5,0,"vmuc"
"C00000002-B007-2-kVA sys-JTVA",-200000,200000,"kVA","Sibuet atelier (hall à billettes) puissance active","REAL","TRUE",0.01,5,0,"vmuc"
"C00000002-B007-2-kVA L3-JTVA",-200000,200000,"kVA","Sibuet atelier (hall à billettes) L3 puissance active","REAL","TRUE",0.01,5,0,"vmuc"
"C00000002-B007-2-kVA L2-JTVA",-200000,200000,"kVA","Sibuet atelier (hall à billettes) L2 puissance active","REAL","TRUE",0.01,5,0,"vmuc"
"C00000002-B007-2-kVA L1-JTVA",-200000,200000,"kVA","Sibuet atelier (hall à billettes) L1 puissance active","REAL","TRUE",0.01,5,0,"vmuc"
"C00000001-A003-1-kWh-JTWH",-200000,200000,"kWh","Altitude commerciale (la conserverie) energie","REAL","TRUE",0.01,5,0,"vmuc"
"C00000001-A003-1-kWh L3-JTWH",-200000,200000,"kWh","Altitude commerciale (la conserverie) L3 energie","REAL","TRUE",0.01,5,0,"vmuc"
"C00000001-A003-1-kWh L2-JTWH",-200000,200000,"kWh","Altitude commerciale (la conserverie) L2 energie","REAL","TRUE",0.01,5,0,"vmuc"
"C00000001-A003-1-kWh L1-JTWH",-200000,200000,"kWh","Altitude commerciale (la conserverie) L1 energie","REAL","TRUE",0.01,5,0,"vmuc"
"C00000001-A003-1-kWh (-)-JTWH",-200000,200000,"kWh","Altitude commerciale (la conserverie) quezaco2","REAL","TRUE",0.01,5,0,"vmuc"
"C00000001-A003-1-kW sys-JTW",-200000,200000,"kW","Altitude commerciale (la conserverie) puissance","REAL","TRUE",0.01,5,0,"vmuc"
"C00000001-A003-1-kW L3-JTW",-200000,200000,"kW","Altitude commerciale (la conserverie) L3 puissance","REAL","TRUE",0.01,5,0,"vmuc"
"C00000001-A003-1-kW L2-JTW",-200000,200000,"kW","Altitude commerciale (la conserverie) L2 puissance","REAL","TRUE",0.01,5,0,"vmuc"
"C00000001-A003-1-kW L1-JTW",-200000,200000,"kW","Altitude commerciale (la conserverie) L1 puissance","REAL","TRUE",0.01,5,0,"vmuc"
"C00000001-A003-1-kW dmd-JTW",-200000,200000,"kW","Altitude commerciale (la conserverie) puissance demandée","REAL","TRUE",0.01,5,0,"vmuc"
"C00000001-A003-1-kvarh-JTVarH",-200000,200000,"kvarh","Altitude commerciale (la conserverie) quezaco4","REAL","TRUE",0.01,5,0,"vmuc"
"C00000001-A003-1-kvar sys-JTVar",-200000,200000,"kvar","Altitude commerciale (la conserverie) puissance reactive","REAL","TRUE",0.01,5,0,"vmuc"
"C00000001-A003-1-kvar L3-JTVar",-200000,200000,"kvar","Altitude commerciale (la conserverie) L3 puissance reactive","REAL","TRUE",0.01,5,0,"vmuc"
"C00000001-A003-1-kvar L2-JTVar",-200000,200000,"kvar","Altitude commerciale (la conserverie) L2 puissance reactive","REAL","TRUE",0.01,5,0,"vmuc"
"C00000001-A003-1-kvar L1-JTVar",-200000,200000,"kvar","Altitude commerciale (la conserverie) L1 puissance reactive","REAL","TRUE",0.01,5,0,"vmuc"
"C00000001-A003-1-kVA sys-JTVA",-200000,200000,"kVA","Altitude commerciale (la conserverie) puissance active","REAL","TRUE",0.01,5,0,"vmuc"
"C00000001-A003-1-kVA L3-JTVA",-200000,200000,"kVA","Altitude commerciale (la conserverie) L3 puissance active","REAL","TRUE",0.01,5,0,"vmuc"
"C00000001-A003-1-kVA L2-JTVA",-200000,200000,"kVA","Altitude commerciale (la conserverie) L2 puissance active","REAL","TRUE",0.01,5,0,"vmuc"
"C00000001-A003-1-kVA L1-JTVA",-200000,200000,"kVA","Altitude commerciale (la conserverie) L1 puissance active","REAL","TRUE",0.01,5,0,"vmuc"
