,DESCRIPTION,UNITE,MIN,MAX,DATATYPE,DATASCIENTISM,PRECISION,FREQUENCE_ECHANTILLONNAGE,VAL_DEF,device
C00000001-A003-kW L1-JTW,Altitude commerciale (la conserverie) - Phase 1 puissance,JTW,-200000.0,200000.0,REAL,True,0.01,5,0,vmuc
C00000001-A003-kW L2-JTW,Altitude commerciale (la conserverie) - Phase 2 puissance,JTW,-200000.0,200000.0,REAL,True,0.01,5,0,vmuc
C00000001-A003-kW L3-JTW,Altitude commerciale (la conserverie) - Phase 3 puissance,JTW,-200000.0,200000.0,REAL,True,0.01,5,0,vmuc
C00000001-A003-kW sys-JTW,Altitude commerciale (la conserverie) - puissance,JTW,-200000.0,200000.0,REAL,True,0.01,5,0,vmuc
C00000001-A003-kvar L1-JTVar,Altitude commerciale (la conserverie) - Phase 1 puissance reactive,JTVar,-200000.0,200000.0,REAL,True,0.01,5,0,vmuc
C00000001-A003-kvar L2-JTVar,Altitude commerciale (la conserverie) - Phase 2 puissance reactive,JTVar,-200000.0,200000.0,REAL,True,0.01,5,0,vmuc
C00000001-A003-kvar L3-JTVar,Altitude commerciale (la conserverie) - Phase 3 puissance reactive,JTVar,-200000.0,200000.0,REAL,True,0.01,5,0,vmuc
C00000001-A003-kvar sys-JTVar,Altitude commerciale (la conserverie) - puissance reactive,JTVar,-200000.0,200000.0,REAL,True,0.01,5,0,vmuc
C00000001-A003-kVA L1-JTVA,Altitude commerciale (la conserverie) - Phase 1 puissance active,JTVA,-200000.0,200000.0,REAL,True,0.01,5,0,vmuc
C00000001-A003-kVA L2-JTVA,Altitude commerciale (la conserverie) - Phase 2 puissance active,JTVA,-200000.0,200000.0,REAL,True,0.01,5,0,vmuc
C00000001-A003-kVA L3-JTVA,Altitude commerciale (la conserverie) - Phase 3 puissance active,JTVA,-200000.0,200000.0,REAL,True,0.01,5,0,vmuc
C00000001-A003-kVA sys-JTVA,Altitude commerciale (la conserverie) - puissance active,JTVA,-200000.0,200000.0,REAL,True,0.01,5,0,vmuc
C00000001-A003-kWh-JTWH,Altitude commerciale (la conserverie) - compteur,JTWH,-200000.0,200000.0,REAL,True,0.01,5,0,vmuc
C00000001-A003-kWh (-)-JTWH,Altitude commerciale (la conserverie) - puissance difference,JTWH,-200000.0,200000.0,REAL,True,0.01,5,0,vmuc
C00000001-A003-kvarh-JTVarH,Altitude commerciale (la conserverie) - compteur puissance reactive ,JTVarH,-200000.0,200000.0,REAL,True,0.01,5,0,vmuc
C00000002-B007-kW L1-JTW,Sibuet atelier (hall à billettes) - Phase 1 puissance,JTW,-200000.0,200000.0,REAL,True,0.01,5,0,vmuc
C00000002-B007-kW L2-JTW,Sibuet atelier (hall à billettes) - Phase 2 puissance,JTW,-200000.0,200000.0,REAL,True,0.01,5,0,vmuc
C00000002-B007-kW L3-JTW,Sibuet atelier (hall à billettes) - Phase 3 puissance,JTW,-200000.0,200000.0,REAL,True,0.01,5,0,vmuc
C00000002-B007-kW sys-JTW,Sibuet atelier (hall à billettes) - puissance,JTW,-200000.0,200000.0,REAL,True,0.01,5,0,vmuc
C00000002-B007-kvar L1-JTVar,Sibuet atelier (hall à billettes) - Phase 1 puissance reactive,JTVar,-200000.0,200000.0,REAL,True,0.01,5,0,vmuc
C00000002-B007-kvar L2-JTVar,Sibuet atelier (hall à billettes) - Phase 2 puissance reactive,JTVar,-200000.0,200000.0,REAL,True,0.01,5,0,vmuc
C00000002-B007-kvar L3-JTVar,Sibuet atelier (hall à billettes) - Phase 3 puissance reactive,JTVar,-200000.0,200000.0,REAL,True,0.01,5,0,vmuc
C00000002-B007-kvar sys-JTVar,Sibuet atelier (hall à billettes) - puissance reactive,JTVar,-200000.0,200000.0,REAL,True,0.01,5,0,vmuc
C00000002-B007-kVA L1-JTVA,Sibuet atelier (hall à billettes) - Phase 1 puissance active,JTVA,-200000.0,200000.0,REAL,True,0.01,5,0,vmuc
C00000002-B007-kVA L2-JTVA,Sibuet atelier (hall à billettes) - Phase 2 puissance active,JTVA,-200000.0,200000.0,REAL,True,0.01,5,0,vmuc
C00000002-B007-kVA L3-JTVA,Sibuet atelier (hall à billettes) - Phase 3 puissance active,JTVA,-200000.0,200000.0,REAL,True,0.01,5,0,vmuc
C00000002-B007-kVA sys-JTVA,Sibuet atelier (hall à billettes) - puissance active,JTVA,-200000.0,200000.0,REAL,True,0.01,5,0,vmuc
C00000002-B007-kWh-JTWH,Sibuet atelier (hall à billettes) - compteur,JTWH,-200000.0,200000.0,REAL,True,0.01,5,0,vmuc
C00000002-B007-kWh (-)-JTWH,Sibuet atelier (hall à billettes) - puissance difference,JTWH,-200000.0,200000.0,REAL,True,0.01,5,0,vmuc
C00000002-B007-kvarh-JTVarH,Sibuet atelier (hall à billettes) - compteur puissance reactive ,JTVarH,-200000.0,200000.0,REAL,True,0.01,5,0,vmuc
C00000003-B001-kW L1-JTW,Sylfen - Phase 1 puissance,JTW,-200000.0,200000.0,REAL,True,0.01,5,0,vmuc
C00000003-B001-kW L2-JTW,Sylfen - Phase 2 puissance,JTW,-200000.0,200000.0,REAL,True,0.01,5,0,vmuc
C00000003-B001-kW L3-JTW,Sylfen - Phase 3 puissance,JTW,-200000.0,200000.0,REAL,True,0.01,5,0,vmuc
C00000003-B001-kW sys-JTW,Sylfen - puissance,JTW,-200000.0,200000.0,REAL,True,0.01,5,0,vmuc
C00000003-B001-kW dmd-JTW,Sylfen - puissance demandée,JTW,-200000.0,200000.0,REAL,True,0.01,5,0,vmuc
C00000003-B001-kvar L1-JTVar,Sylfen - Phase 1 puissance reactive,JTVar,-200000.0,200000.0,REAL,True,0.01,5,0,vmuc
C00000003-B001-kvar L2-JTVar,Sylfen - Phase 2 puissance reactive,JTVar,-200000.0,200000.0,REAL,True,0.01,5,0,vmuc
C00000003-B001-kvar L3-JTVar,Sylfen - Phase 3 puissance reactive,JTVar,-200000.0,200000.0,REAL,True,0.01,5,0,vmuc
C00000003-B001-kvar sys-JTVar,Sylfen - puissance reactive,JTVar,-200000.0,200000.0,REAL,True,0.01,5,0,vmuc
C00000003-B001-kVA L1-JTVA,Sylfen - Phase 1 puissance active,JTVA,-200000.0,200000.0,REAL,True,0.01,5,0,vmuc
C00000003-B001-kVA L2-JTVA,Sylfen - Phase 2 puissance active,JTVA,-200000.0,200000.0,REAL,True,0.01,5,0,vmuc
C00000003-B001-kVA L3-JTVA,Sylfen - Phase 3 puissance active,JTVA,-200000.0,200000.0,REAL,True,0.01,5,0,vmuc
C00000003-B001-kVA sys-JTVA,Sylfen - puissance active,JTVA,-200000.0,200000.0,REAL,True,0.01,5,0,vmuc
C00000003-B001-kWh-JTWH,Sylfen - compteur,JTWH,-200000.0,200000.0,REAL,True,0.01,5,0,vmuc
C00000003-B001-kWh (-)-JTWH,Sylfen - puissance difference,JTWH,-200000.0,200000.0,REAL,True,0.01,5,0,vmuc
C00000003-B001-kWh L1-JTWH,Sylfen - Phase 1 compteur,JTWH,-200000.0,200000.0,REAL,True,0.01,5,0,vmuc
C00000003-B001-kWh L2-JTWH,Sylfen - Phase 2 compteur,JTWH,-200000.0,200000.0,REAL,True,0.01,5,0,vmuc
C00000003-B001-kWh L3-JTWH,Sylfen - Phase 3 compteur,JTWH,-200000.0,200000.0,REAL,True,0.01,5,0,vmuc
C00000003-B001-kvarh-JTVarH,Sylfen - compteur puissance reactive ,JTVarH,-200000.0,200000.0,REAL,True,0.01,5,0,vmuc
C00000004-A002-kW L1-JTW,Bureaux et communs administratif centraux rez de chaussée - Phase 1 puissance,JTW,-200000.0,200000.0,REAL,True,0.01,5,0,vmuc
C00000004-A002-kW sys-JTW,Bureaux et communs administratif centraux rez de chaussée - puissance,JTW,-200000.0,200000.0,REAL,True,0.01,5,0,vmuc
C00000004-A002-kvar L1-JTVar,Bureaux et communs administratif centraux rez de chaussée - Phase 1 puissance reactive,JTVar,-200000.0,200000.0,REAL,True,0.01,5,0,vmuc
C00000004-A002-kvar sys-JTVar,Bureaux et communs administratif centraux rez de chaussée - puissance reactive,JTVar,-200000.0,200000.0,REAL,True,0.01,5,0,vmuc
C00000004-A002-kVA L1-JTVA,Bureaux et communs administratif centraux rez de chaussée - Phase 1 puissance active,JTVA,-200000.0,200000.0,REAL,True,0.01,5,0,vmuc
C00000004-A002-kVA sys-JTVA,Bureaux et communs administratif centraux rez de chaussée - puissance active,JTVA,-200000.0,200000.0,REAL,True,0.01,5,0,vmuc
C00000004-A002-kWh-JTWH,Bureaux et communs administratif centraux rez de chaussée - compteur,JTWH,-200000.0,200000.0,REAL,True,0.01,5,0,vmuc
C00000004-A002-kWh (-)-JTWH,Bureaux et communs administratif centraux rez de chaussée - puissance difference,JTWH,-200000.0,200000.0,REAL,True,0.01,5,0,vmuc
C00000004-A002-kWh L1-JTWH,Bureaux et communs administratif centraux rez de chaussée - Phase 1 compteur,JTWH,-200000.0,200000.0,REAL,True,0.01,5,0,vmuc
C00000004-A002-kvarh-JTVarH,Bureaux et communs administratif centraux rez de chaussée - compteur puissance reactive ,JTVarH,-200000.0,200000.0,REAL,True,0.01,5,0,vmuc
C00000005-A001-kW L1-JTW,"coffret ""local pompes"" - Phase 1 puissance",JTW,-200000.0,200000.0,REAL,True,0.01,5,0,vmuc
C00000005-A001-kW sys-JTW,"coffret ""local pompes"" - puissance",JTW,-200000.0,200000.0,REAL,True,0.01,5,0,vmuc
C00000005-A001-kvar L1-JTVar,"coffret ""local pompes"" - Phase 1 puissance reactive",JTVar,-200000.0,200000.0,REAL,True,0.01,5,0,vmuc
C00000005-A001-kvar sys-JTVar,"coffret ""local pompes"" - puissance reactive",JTVar,-200000.0,200000.0,REAL,True,0.01,5,0,vmuc
C00000005-A001-kVA L1-JTVA,"coffret ""local pompes"" - Phase 1 puissance active",JTVA,-200000.0,200000.0,REAL,True,0.01,5,0,vmuc
C00000005-A001-kVA sys-JTVA,"coffret ""local pompes"" - puissance active",JTVA,-200000.0,200000.0,REAL,True,0.01,5,0,vmuc
C00000005-A001-kWh-JTWH,"coffret ""local pompes"" - compteur",JTWH,-200000.0,200000.0,REAL,True,0.01,5,0,vmuc
C00000005-A001-kWh (-)-JTWH,"coffret ""local pompes"" - puissance difference",JTWH,-200000.0,200000.0,REAL,True,0.01,5,0,vmuc
C00000005-A001-kWh L1-JTWH,"coffret ""local pompes"" - Phase 1 compteur",JTWH,-200000.0,200000.0,REAL,True,0.01,5,0,vmuc
C00000005-A001-kvarh-JTVarH,"coffret ""local pompes"" - compteur puissance reactive ",JTVarH,-200000.0,200000.0,REAL,True,0.01,5,0,vmuc
C00000006-B006-kW L1-JTW,Carrossier - Phase 1 puissance,JTW,-200000.0,200000.0,REAL,True,0.01,5,0,vmuc
C00000006-B006-kW L2-JTW,Carrossier - Phase 2 puissance,JTW,-200000.0,200000.0,REAL,True,0.01,5,0,vmuc
C00000006-B006-kW L3-JTW,Carrossier - Phase 3 puissance,JTW,-200000.0,200000.0,REAL,True,0.01,5,0,vmuc
C00000006-B006-kW sys-JTW,Carrossier - puissance,JTW,-200000.0,200000.0,REAL,True,0.01,5,0,vmuc
C00000006-B006-kW dmd-JTW,Carrossier - puissance demandée,JTW,-200000.0,200000.0,REAL,True,0.01,5,0,vmuc
C00000006-B006-kvar L1-JTVar,Carrossier - Phase 1 puissance reactive,JTVar,-200000.0,200000.0,REAL,True,0.01,5,0,vmuc
C00000006-B006-kvar L2-JTVar,Carrossier - Phase 2 puissance reactive,JTVar,-200000.0,200000.0,REAL,True,0.01,5,0,vmuc
C00000006-B006-kvar L3-JTVar,Carrossier - Phase 3 puissance reactive,JTVar,-200000.0,200000.0,REAL,True,0.01,5,0,vmuc
C00000006-B006-kvar sys-JTVar,Carrossier - puissance reactive,JTVar,-200000.0,200000.0,REAL,True,0.01,5,0,vmuc
C00000006-B006-kVA L1-JTVA,Carrossier - Phase 1 puissance active,JTVA,-200000.0,200000.0,REAL,True,0.01,5,0,vmuc
C00000006-B006-kVA L2-JTVA,Carrossier - Phase 2 puissance active,JTVA,-200000.0,200000.0,REAL,True,0.01,5,0,vmuc
C00000006-B006-kVA L3-JTVA,Carrossier - Phase 3 puissance active,JTVA,-200000.0,200000.0,REAL,True,0.01,5,0,vmuc
C00000006-B006-kVA sys-JTVA,Carrossier - puissance active,JTVA,-200000.0,200000.0,REAL,True,0.01,5,0,vmuc
C00000006-B006-kWh-JTWH,Carrossier - compteur,JTWH,-200000.0,200000.0,REAL,True,0.01,5,0,vmuc
C00000006-B006-kWh (-)-JTWH,Carrossier - puissance difference,JTWH,-200000.0,200000.0,REAL,True,0.01,5,0,vmuc
C00000006-B006-kWh L1-JTWH,Carrossier - Phase 1 compteur,JTWH,-200000.0,200000.0,REAL,True,0.01,5,0,vmuc
C00000006-B006-kWh L2-JTWH,Carrossier - Phase 2 compteur,JTWH,-200000.0,200000.0,REAL,True,0.01,5,0,vmuc
C00000006-B006-kWh L3-JTWH,Carrossier - Phase 3 compteur,JTWH,-200000.0,200000.0,REAL,True,0.01,5,0,vmuc
C00000006-B006-kvarh-JTVarH,Carrossier - compteur puissance reactive ,JTVarH,-200000.0,200000.0,REAL,True,0.01,5,0,vmuc
C00000007-E003-kW L1-JTW,Dressage Geodis - Phase 1 puissance,JTW,-200000.0,200000.0,REAL,True,0.01,5,0,vmuc
C00000007-E003-kW L2-JTW,Dressage Geodis - Phase 2 puissance,JTW,-200000.0,200000.0,REAL,True,0.01,5,0,vmuc
C00000007-E003-kW L3-JTW,Dressage Geodis - Phase 3 puissance,JTW,-200000.0,200000.0,REAL,True,0.01,5,0,vmuc
C00000007-E003-kW sys-JTW,Dressage Geodis - puissance,JTW,-200000.0,200000.0,REAL,True,0.01,5,0,vmuc
C00000007-E003-kvar L1-JTVar,Dressage Geodis - Phase 1 puissance reactive,JTVar,-200000.0,200000.0,REAL,True,0.01,5,0,vmuc
C00000007-E003-kvar L2-JTVar,Dressage Geodis - Phase 2 puissance reactive,JTVar,-200000.0,200000.0,REAL,True,0.01,5,0,vmuc
C00000007-E003-kvar L3-JTVar,Dressage Geodis - Phase 3 puissance reactive,JTVar,-200000.0,200000.0,REAL,True,0.01,5,0,vmuc
C00000007-E003-kvar sys-JTVar,Dressage Geodis - puissance reactive,JTVar,-200000.0,200000.0,REAL,True,0.01,5,0,vmuc
C00000007-E003-kVA L1-JTVA,Dressage Geodis - Phase 1 puissance active,JTVA,-200000.0,200000.0,REAL,True,0.01,5,0,vmuc
C00000007-E003-kVA L2-JTVA,Dressage Geodis - Phase 2 puissance active,JTVA,-200000.0,200000.0,REAL,True,0.01,5,0,vmuc
C00000007-E003-kVA L3-JTVA,Dressage Geodis - Phase 3 puissance active,JTVA,-200000.0,200000.0,REAL,True,0.01,5,0,vmuc
C00000007-E003-kVA sys-JTVA,Dressage Geodis - puissance active,JTVA,-200000.0,200000.0,REAL,True,0.01,5,0,vmuc
C00000007-E003-kWh-JTWH,Dressage Geodis - compteur,JTWH,-200000.0,200000.0,REAL,True,0.01,5,0,vmuc
C00000007-E003-kWh (-)-JTWH,Dressage Geodis - puissance difference,JTWH,-200000.0,200000.0,REAL,True,0.01,5,0,vmuc
C00000007-E003-kvarh-JTVarH,Dressage Geodis - compteur puissance reactive ,JTVarH,-200000.0,200000.0,REAL,True,0.01,5,0,vmuc
C00000008-B003-kW L1-JTW,K2M - Phase 1 puissance,JTW,-200000.0,200000.0,REAL,True,0.01,5,0,vmuc
C00000008-B003-kW L2-JTW,K2M - Phase 2 puissance,JTW,-200000.0,200000.0,REAL,True,0.01,5,0,vmuc
C00000008-B003-kW L3-JTW,K2M - Phase 3 puissance,JTW,-200000.0,200000.0,REAL,True,0.01,5,0,vmuc
C00000008-B003-kW sys-JTW,K2M - puissance,JTW,-200000.0,200000.0,REAL,True,0.01,5,0,vmuc
C00000008-B003-kW dmd-JTW,K2M - puissance demandée,JTW,-200000.0,200000.0,REAL,True,0.01,5,0,vmuc
C00000008-B003-kvar L1-JTVar,K2M - Phase 1 puissance reactive,JTVar,-200000.0,200000.0,REAL,True,0.01,5,0,vmuc
C00000008-B003-kvar L2-JTVar,K2M - Phase 2 puissance reactive,JTVar,-200000.0,200000.0,REAL,True,0.01,5,0,vmuc
C00000008-B003-kvar L3-JTVar,K2M - Phase 3 puissance reactive,JTVar,-200000.0,200000.0,REAL,True,0.01,5,0,vmuc
C00000008-B003-kvar sys-JTVar,K2M - puissance reactive,JTVar,-200000.0,200000.0,REAL,True,0.01,5,0,vmuc
C00000008-B003-kVA L1-JTVA,K2M - Phase 1 puissance active,JTVA,-200000.0,200000.0,REAL,True,0.01,5,0,vmuc
C00000008-B003-kVA L2-JTVA,K2M - Phase 2 puissance active,JTVA,-200000.0,200000.0,REAL,True,0.01,5,0,vmuc
C00000008-B003-kVA L3-JTVA,K2M - Phase 3 puissance active,JTVA,-200000.0,200000.0,REAL,True,0.01,5,0,vmuc
C00000008-B003-kVA sys-JTVA,K2M - puissance active,JTVA,-200000.0,200000.0,REAL,True,0.01,5,0,vmuc
C00000008-B003-kWh-JTWH,K2M - compteur,JTWH,-200000.0,200000.0,REAL,True,0.01,5,0,vmuc
C00000008-B003-kWh (-)-JTWH,K2M - puissance difference,JTWH,-200000.0,200000.0,REAL,True,0.01,5,0,vmuc
C00000008-B003-kWh L1-JTWH,K2M - Phase 1 compteur,JTWH,-200000.0,200000.0,REAL,True,0.01,5,0,vmuc
C00000008-B003-kWh L2-JTWH,K2M - Phase 2 compteur,JTWH,-200000.0,200000.0,REAL,True,0.01,5,0,vmuc
C00000008-B003-kWh L3-JTWH,K2M - Phase 3 compteur,JTWH,-200000.0,200000.0,REAL,True,0.01,5,0,vmuc
C00000008-B003-kvarh-JTVarH,K2M - compteur puissance reactive ,JTVarH,-200000.0,200000.0,REAL,True,0.01,5,0,vmuc
C00000009-A004-kW L1-JTW,Locaux sociaux de Sibuet - Phase 1 puissance,JTW,-200000.0,200000.0,REAL,True,0.01,5,0,vmuc
C00000009-A004-kW sys-JTW,Locaux sociaux de Sibuet - puissance,JTW,-200000.0,200000.0,REAL,True,0.01,5,0,vmuc
C00000009-A004-kvar L1-JTVar,Locaux sociaux de Sibuet - Phase 1 puissance reactive,JTVar,-200000.0,200000.0,REAL,True,0.01,5,0,vmuc
C00000009-A004-kvar sys-JTVar,Locaux sociaux de Sibuet - puissance reactive,JTVar,-200000.0,200000.0,REAL,True,0.01,5,0,vmuc
C00000009-A004-kVA L1-JTVA,Locaux sociaux de Sibuet - Phase 1 puissance active,JTVA,-200000.0,200000.0,REAL,True,0.01,5,0,vmuc
C00000009-A004-kVA sys-JTVA,Locaux sociaux de Sibuet - puissance active,JTVA,-200000.0,200000.0,REAL,True,0.01,5,0,vmuc
C00000009-A004-kWh-JTWH,Locaux sociaux de Sibuet - compteur,JTWH,-200000.0,200000.0,REAL,True,0.01,5,0,vmuc
C00000009-A004-kWh (-)-JTWH,Locaux sociaux de Sibuet - puissance difference,JTWH,-200000.0,200000.0,REAL,True,0.01,5,0,vmuc
C00000009-A004-kWh L1-JTWH,Locaux sociaux de Sibuet - Phase 1 compteur,JTWH,-200000.0,200000.0,REAL,True,0.01,5,0,vmuc
C00000009-A004-kvarh-JTVarH,Locaux sociaux de Sibuet - compteur puissance reactive ,JTVarH,-200000.0,200000.0,REAL,True,0.01,5,0,vmuc
C0000000a-D002-kW L1-JTW,RDC aile Chartreuse - Phase 1 puissance,JTW,-200000.0,200000.0,REAL,True,0.01,5,0,vmuc
C0000000a-D002-kW L2-JTW,RDC aile Chartreuse - Phase 2 puissance,JTW,-200000.0,200000.0,REAL,True,0.01,5,0,vmuc
C0000000a-D002-kW L3-JTW,RDC aile Chartreuse - Phase 3 puissance,JTW,-200000.0,200000.0,REAL,True,0.01,5,0,vmuc
C0000000a-D002-kW sys-JTW,RDC aile Chartreuse - puissance,JTW,-200000.0,200000.0,REAL,True,0.01,5,0,vmuc
C0000000a-D002-kW dmd-JTW,RDC aile Chartreuse - puissance demandée,JTW,-200000.0,200000.0,REAL,True,0.01,5,0,vmuc
C0000000a-D002-kvar L1-JTVar,RDC aile Chartreuse - Phase 1 puissance reactive,JTVar,-200000.0,200000.0,REAL,True,0.01,5,0,vmuc
C0000000a-D002-kvar L2-JTVar,RDC aile Chartreuse - Phase 2 puissance reactive,JTVar,-200000.0,200000.0,REAL,True,0.01,5,0,vmuc
C0000000a-D002-kvar L3-JTVar,RDC aile Chartreuse - Phase 3 puissance reactive,JTVar,-200000.0,200000.0,REAL,True,0.01,5,0,vmuc
C0000000a-D002-kvar sys-JTVar,RDC aile Chartreuse - puissance reactive,JTVar,-200000.0,200000.0,REAL,True,0.01,5,0,vmuc
C0000000a-D002-kVA L1-JTVA,RDC aile Chartreuse - Phase 1 puissance active,JTVA,-200000.0,200000.0,REAL,True,0.01,5,0,vmuc
C0000000a-D002-kVA L2-JTVA,RDC aile Chartreuse - Phase 2 puissance active,JTVA,-200000.0,200000.0,REAL,True,0.01,5,0,vmuc
C0000000a-D002-kVA L3-JTVA,RDC aile Chartreuse - Phase 3 puissance active,JTVA,-200000.0,200000.0,REAL,True,0.01,5,0,vmuc
C0000000a-D002-kVA sys-JTVA,RDC aile Chartreuse - puissance active,JTVA,-200000.0,200000.0,REAL,True,0.01,5,0,vmuc
C0000000a-D002-kWh-JTWH,RDC aile Chartreuse - compteur,JTWH,-200000.0,200000.0,REAL,True,0.01,5,0,vmuc
C0000000a-D002-kWh (-)-JTWH,RDC aile Chartreuse - puissance difference,JTWH,-200000.0,200000.0,REAL,True,0.01,5,0,vmuc
C0000000a-D002-kWh L1-JTWH,RDC aile Chartreuse - Phase 1 compteur,JTWH,-200000.0,200000.0,REAL,True,0.01,5,0,vmuc
C0000000a-D002-kWh L2-JTWH,RDC aile Chartreuse - Phase 2 compteur,JTWH,-200000.0,200000.0,REAL,True,0.01,5,0,vmuc
C0000000a-D002-kWh L3-JTWH,RDC aile Chartreuse - Phase 3 compteur,JTWH,-200000.0,200000.0,REAL,True,0.01,5,0,vmuc
C0000000a-D002-kvarh-JTVarH,RDC aile Chartreuse - compteur puissance reactive ,JTVarH,-200000.0,200000.0,REAL,True,0.01,5,0,vmuc
C0000000b-D001-kW L1-JTW,Clim Sweetair - Phase 1 puissance,JTW,-200000.0,200000.0,REAL,True,0.01,5,0,vmuc
C0000000b-D001-kW L2-JTW,Clim Sweetair - Phase 2 puissance,JTW,-200000.0,200000.0,REAL,True,0.01,5,0,vmuc
C0000000b-D001-kW L3-JTW,Clim Sweetair - Phase 3 puissance,JTW,-200000.0,200000.0,REAL,True,0.01,5,0,vmuc
C0000000b-D001-kW sys-JTW,Clim Sweetair - puissance,JTW,-200000.0,200000.0,REAL,True,0.01,5,0,vmuc
C0000000b-D001-kW dmd-JTW,Clim Sweetair - puissance demandée,JTW,-200000.0,200000.0,REAL,True,0.01,5,0,vmuc
C0000000b-D001-kvar L1-JTVar,Clim Sweetair - Phase 1 puissance reactive,JTVar,-200000.0,200000.0,REAL,True,0.01,5,0,vmuc
C0000000b-D001-kvar L2-JTVar,Clim Sweetair - Phase 2 puissance reactive,JTVar,-200000.0,200000.0,REAL,True,0.01,5,0,vmuc
C0000000b-D001-kvar L3-JTVar,Clim Sweetair - Phase 3 puissance reactive,JTVar,-200000.0,200000.0,REAL,True,0.01,5,0,vmuc
C0000000b-D001-kvar sys-JTVar,Clim Sweetair - puissance reactive,JTVar,-200000.0,200000.0,REAL,True,0.01,5,0,vmuc
C0000000b-D001-kVA L1-JTVA,Clim Sweetair - Phase 1 puissance active,JTVA,-200000.0,200000.0,REAL,True,0.01,5,0,vmuc
C0000000b-D001-kVA L2-JTVA,Clim Sweetair - Phase 2 puissance active,JTVA,-200000.0,200000.0,REAL,True,0.01,5,0,vmuc
C0000000b-D001-kVA L3-JTVA,Clim Sweetair - Phase 3 puissance active,JTVA,-200000.0,200000.0,REAL,True,0.01,5,0,vmuc
C0000000b-D001-kVA sys-JTVA,Clim Sweetair - puissance active,JTVA,-200000.0,200000.0,REAL,True,0.01,5,0,vmuc
C0000000b-D001-kWh-JTWH,Clim Sweetair - compteur,JTWH,-200000.0,200000.0,REAL,True,0.01,5,0,vmuc
C0000000b-D001-kWh (-)-JTWH,Clim Sweetair - puissance difference,JTWH,-200000.0,200000.0,REAL,True,0.01,5,0,vmuc
C0000000b-D001-kWh L1-JTWH,Clim Sweetair - Phase 1 compteur,JTWH,-200000.0,200000.0,REAL,True,0.01,5,0,vmuc
C0000000b-D001-kWh L2-JTWH,Clim Sweetair - Phase 2 compteur,JTWH,-200000.0,200000.0,REAL,True,0.01,5,0,vmuc
C0000000b-D001-kWh L3-JTWH,Clim Sweetair - Phase 3 compteur,JTWH,-200000.0,200000.0,REAL,True,0.01,5,0,vmuc
C0000000b-D001-kvarh-JTVarH,Clim Sweetair - compteur puissance reactive ,JTVarH,-200000.0,200000.0,REAL,True,0.01,5,0,vmuc
C0000000c-A005-kW L1-JTW,Poste de garde  - Phase 1 puissance,JTW,-200000.0,200000.0,REAL,True,0.01,5,0,vmuc
C0000000c-A005-kW L2-JTW,Poste de garde  - Phase 2 puissance,JTW,-200000.0,200000.0,REAL,True,0.01,5,0,vmuc
C0000000c-A005-kW L3-JTW,Poste de garde  - Phase 3 puissance,JTW,-200000.0,200000.0,REAL,True,0.01,5,0,vmuc
C0000000c-A005-kW sys-JTW,Poste de garde  - puissance,JTW,-200000.0,200000.0,REAL,True,0.01,5,0,vmuc
C0000000c-A005-kW dmd-JTW,Poste de garde  - puissance demandée,JTW,-200000.0,200000.0,REAL,True,0.01,5,0,vmuc
C0000000c-A005-kvar L1-JTVar,Poste de garde  - Phase 1 puissance reactive,JTVar,-200000.0,200000.0,REAL,True,0.01,5,0,vmuc
C0000000c-A005-kvar L2-JTVar,Poste de garde  - Phase 2 puissance reactive,JTVar,-200000.0,200000.0,REAL,True,0.01,5,0,vmuc
C0000000c-A005-kvar L3-JTVar,Poste de garde  - Phase 3 puissance reactive,JTVar,-200000.0,200000.0,REAL,True,0.01,5,0,vmuc
C0000000c-A005-kvar sys-JTVar,Poste de garde  - puissance reactive,JTVar,-200000.0,200000.0,REAL,True,0.01,5,0,vmuc
C0000000c-A005-kVA L1-JTVA,Poste de garde  - Phase 1 puissance active,JTVA,-200000.0,200000.0,REAL,True,0.01,5,0,vmuc
C0000000c-A005-kVA L2-JTVA,Poste de garde  - Phase 2 puissance active,JTVA,-200000.0,200000.0,REAL,True,0.01,5,0,vmuc
C0000000c-A005-kVA L3-JTVA,Poste de garde  - Phase 3 puissance active,JTVA,-200000.0,200000.0,REAL,True,0.01,5,0,vmuc
C0000000c-A005-kVA sys-JTVA,Poste de garde  - puissance active,JTVA,-200000.0,200000.0,REAL,True,0.01,5,0,vmuc
C0000000c-A005-kWh-JTWH,Poste de garde  - compteur,JTWH,-200000.0,200000.0,REAL,True,0.01,5,0,vmuc
C0000000c-A005-kWh (-)-JTWH,Poste de garde  - puissance difference,JTWH,-200000.0,200000.0,REAL,True,0.01,5,0,vmuc
C0000000c-A005-kWh L1-JTWH,Poste de garde  - Phase 1 compteur,JTWH,-200000.0,200000.0,REAL,True,0.01,5,0,vmuc
C0000000c-A005-kWh L2-JTWH,Poste de garde  - Phase 2 compteur,JTWH,-200000.0,200000.0,REAL,True,0.01,5,0,vmuc
C0000000c-A005-kWh L3-JTWH,Poste de garde  - Phase 3 compteur,JTWH,-200000.0,200000.0,REAL,True,0.01,5,0,vmuc
C0000000c-A005-kvarh-JTVarH,Poste de garde  - compteur puissance reactive ,JTVarH,-200000.0,200000.0,REAL,True,0.01,5,0,vmuc
C0000000d-F003-kW L1-JTW,Atelier mécanique Cheylas - Phase 1 puissance,JTW,-200000.0,200000.0,REAL,True,0.01,5,0,vmuc
C0000000d-F003-kW L2-JTW,Atelier mécanique Cheylas - Phase 2 puissance,JTW,-200000.0,200000.0,REAL,True,0.01,5,0,vmuc
C0000000d-F003-kW L3-JTW,Atelier mécanique Cheylas - Phase 3 puissance,JTW,-200000.0,200000.0,REAL,True,0.01,5,0,vmuc
C0000000d-F003-kW sys-JTW,Atelier mécanique Cheylas - puissance,JTW,-200000.0,200000.0,REAL,True,0.01,5,0,vmuc
C0000000d-F003-kW dmd-JTW,Atelier mécanique Cheylas - puissance demandée,JTW,-200000.0,200000.0,REAL,True,0.01,5,0,vmuc
C0000000d-F003-kvar L1-JTVar,Atelier mécanique Cheylas - Phase 1 puissance reactive,JTVar,-200000.0,200000.0,REAL,True,0.01,5,0,vmuc
C0000000d-F003-kvar L2-JTVar,Atelier mécanique Cheylas - Phase 2 puissance reactive,JTVar,-200000.0,200000.0,REAL,True,0.01,5,0,vmuc
C0000000d-F003-kvar L3-JTVar,Atelier mécanique Cheylas - Phase 3 puissance reactive,JTVar,-200000.0,200000.0,REAL,True,0.01,5,0,vmuc
C0000000d-F003-kvar sys-JTVar,Atelier mécanique Cheylas - puissance reactive,JTVar,-200000.0,200000.0,REAL,True,0.01,5,0,vmuc
C0000000d-F003-kVA L1-JTVA,Atelier mécanique Cheylas - Phase 1 puissance active,JTVA,-200000.0,200000.0,REAL,True,0.01,5,0,vmuc
C0000000d-F003-kVA L2-JTVA,Atelier mécanique Cheylas - Phase 2 puissance active,JTVA,-200000.0,200000.0,REAL,True,0.01,5,0,vmuc
C0000000d-F003-kVA L3-JTVA,Atelier mécanique Cheylas - Phase 3 puissance active,JTVA,-200000.0,200000.0,REAL,True,0.01,5,0,vmuc
C0000000d-F003-kVA sys-JTVA,Atelier mécanique Cheylas - puissance active,JTVA,-200000.0,200000.0,REAL,True,0.01,5,0,vmuc
C0000000d-F003-kWh-JTWH,Atelier mécanique Cheylas - compteur,JTWH,-200000.0,200000.0,REAL,True,0.01,5,0,vmuc
C0000000d-F003-kWh (-)-JTWH,Atelier mécanique Cheylas - puissance difference,JTWH,-200000.0,200000.0,REAL,True,0.01,5,0,vmuc
C0000000d-F003-kWh L1-JTWH,Atelier mécanique Cheylas - Phase 1 compteur,JTWH,-200000.0,200000.0,REAL,True,0.01,5,0,vmuc
C0000000d-F003-kWh L2-JTWH,Atelier mécanique Cheylas - Phase 2 compteur,JTWH,-200000.0,200000.0,REAL,True,0.01,5,0,vmuc
C0000000d-F003-kWh L3-JTWH,Atelier mécanique Cheylas - Phase 3 compteur,JTWH,-200000.0,200000.0,REAL,True,0.01,5,0,vmuc
C0000000d-F003-kvarh-JTVarH,Atelier mécanique Cheylas - compteur puissance reactive ,JTVarH,-200000.0,200000.0,REAL,True,0.01,5,0,vmuc
C0000000e-B002-kW L1-JTW,Auto passion - Phase 1 puissance,JTW,-200000.0,200000.0,REAL,True,0.01,5,0,vmuc
C0000000e-B002-kW L2-JTW,Auto passion - Phase 2 puissance,JTW,-200000.0,200000.0,REAL,True,0.01,5,0,vmuc
C0000000e-B002-kW L3-JTW,Auto passion - Phase 3 puissance,JTW,-200000.0,200000.0,REAL,True,0.01,5,0,vmuc
C0000000e-B002-kW sys-JTW,Auto passion - puissance,JTW,-200000.0,200000.0,REAL,True,0.01,5,0,vmuc
C0000000e-B002-kW dmd-JTW,Auto passion - puissance demandée,JTW,-200000.0,200000.0,REAL,True,0.01,5,0,vmuc
C0000000e-B002-kvar L1-JTVar,Auto passion - Phase 1 puissance reactive,JTVar,-200000.0,200000.0,REAL,True,0.01,5,0,vmuc
C0000000e-B002-kvar L2-JTVar,Auto passion - Phase 2 puissance reactive,JTVar,-200000.0,200000.0,REAL,True,0.01,5,0,vmuc
C0000000e-B002-kvar L3-JTVar,Auto passion - Phase 3 puissance reactive,JTVar,-200000.0,200000.0,REAL,True,0.01,5,0,vmuc
C0000000e-B002-kvar sys-JTVar,Auto passion - puissance reactive,JTVar,-200000.0,200000.0,REAL,True,0.01,5,0,vmuc
C0000000e-B002-kVA L1-JTVA,Auto passion - Phase 1 puissance active,JTVA,-200000.0,200000.0,REAL,True,0.01,5,0,vmuc
C0000000e-B002-kVA L2-JTVA,Auto passion - Phase 2 puissance active,JTVA,-200000.0,200000.0,REAL,True,0.01,5,0,vmuc
C0000000e-B002-kVA L3-JTVA,Auto passion - Phase 3 puissance active,JTVA,-200000.0,200000.0,REAL,True,0.01,5,0,vmuc
C0000000e-B002-kVA sys-JTVA,Auto passion - puissance active,JTVA,-200000.0,200000.0,REAL,True,0.01,5,0,vmuc
C0000000e-B002-kWh-JTWH,Auto passion - compteur,JTWH,-200000.0,200000.0,REAL,True,0.01,5,0,vmuc
C0000000e-B002-kWh (-)-JTWH,Auto passion - puissance difference,JTWH,-200000.0,200000.0,REAL,True,0.01,5,0,vmuc
C0000000e-B002-kWh L1-JTWH,Auto passion - Phase 1 compteur,JTWH,-200000.0,200000.0,REAL,True,0.01,5,0,vmuc
C0000000e-B002-kWh L2-JTWH,Auto passion - Phase 2 compteur,JTWH,-200000.0,200000.0,REAL,True,0.01,5,0,vmuc
C0000000e-B002-kWh L3-JTWH,Auto passion - Phase 3 compteur,JTWH,-200000.0,200000.0,REAL,True,0.01,5,0,vmuc
C0000000e-B002-kvarh-JTVarH,Auto passion - compteur puissance reactive ,JTVarH,-200000.0,200000.0,REAL,True,0.01,5,0,vmuc
C0000000f-B004-kW L1-JTW,local W (Local à papier derrière Sylfen) + local Antoine - Phase 1 puissance,JTW,-200000.0,200000.0,REAL,True,0.01,5,0,vmuc
C0000000f-B004-kW L2-JTW,local W (Local à papier derrière Sylfen) + local Antoine - Phase 2 puissance,JTW,-200000.0,200000.0,REAL,True,0.01,5,0,vmuc
C0000000f-B004-kW L3-JTW,local W (Local à papier derrière Sylfen) + local Antoine - Phase 3 puissance,JTW,-200000.0,200000.0,REAL,True,0.01,5,0,vmuc
C0000000f-B004-kW sys-JTW,local W (Local à papier derrière Sylfen) + local Antoine - puissance,JTW,-200000.0,200000.0,REAL,True,0.01,5,0,vmuc
C0000000f-B004-kW dmd-JTW,local W (Local à papier derrière Sylfen) + local Antoine - puissance demandée,JTW,-200000.0,200000.0,REAL,True,0.01,5,0,vmuc
C0000000f-B004-kvar L1-JTVar,local W (Local à papier derrière Sylfen) + local Antoine - Phase 1 puissance reactive,JTVar,-200000.0,200000.0,REAL,True,0.01,5,0,vmuc
C0000000f-B004-kvar L2-JTVar,local W (Local à papier derrière Sylfen) + local Antoine - Phase 2 puissance reactive,JTVar,-200000.0,200000.0,REAL,True,0.01,5,0,vmuc
C0000000f-B004-kvar L3-JTVar,local W (Local à papier derrière Sylfen) + local Antoine - Phase 3 puissance reactive,JTVar,-200000.0,200000.0,REAL,True,0.01,5,0,vmuc
C0000000f-B004-kvar sys-JTVar,local W (Local à papier derrière Sylfen) + local Antoine - puissance reactive,JTVar,-200000.0,200000.0,REAL,True,0.01,5,0,vmuc
C0000000f-B004-kVA L1-JTVA,local W (Local à papier derrière Sylfen) + local Antoine - Phase 1 puissance active,JTVA,-200000.0,200000.0,REAL,True,0.01,5,0,vmuc
C0000000f-B004-kVA L2-JTVA,local W (Local à papier derrière Sylfen) + local Antoine - Phase 2 puissance active,JTVA,-200000.0,200000.0,REAL,True,0.01,5,0,vmuc
C0000000f-B004-kVA L3-JTVA,local W (Local à papier derrière Sylfen) + local Antoine - Phase 3 puissance active,JTVA,-200000.0,200000.0,REAL,True,0.01,5,0,vmuc
C0000000f-B004-kVA sys-JTVA,local W (Local à papier derrière Sylfen) + local Antoine - puissance active,JTVA,-200000.0,200000.0,REAL,True,0.01,5,0,vmuc
C0000000f-B004-kWh-JTWH,local W (Local à papier derrière Sylfen) + local Antoine - compteur,JTWH,-200000.0,200000.0,REAL,True,0.01,5,0,vmuc
C0000000f-B004-kWh (-)-JTWH,local W (Local à papier derrière Sylfen) + local Antoine - puissance difference,JTWH,-200000.0,200000.0,REAL,True,0.01,5,0,vmuc
C0000000f-B004-kWh L1-JTWH,local W (Local à papier derrière Sylfen) + local Antoine - Phase 1 compteur,JTWH,-200000.0,200000.0,REAL,True,0.01,5,0,vmuc
C0000000f-B004-kWh L2-JTWH,local W (Local à papier derrière Sylfen) + local Antoine - Phase 2 compteur,JTWH,-200000.0,200000.0,REAL,True,0.01,5,0,vmuc
C0000000f-B004-kWh L3-JTWH,local W (Local à papier derrière Sylfen) + local Antoine - Phase 3 compteur,JTWH,-200000.0,200000.0,REAL,True,0.01,5,0,vmuc
C0000000f-B004-kvarh-JTVarH,local W (Local à papier derrière Sylfen) + local Antoine - compteur puissance reactive ,JTVarH,-200000.0,200000.0,REAL,True,0.01,5,0,vmuc
C00000010-F004-kW L1-JTW,Bombardier Alstom - Phase 1 puissance,JTW,-200000.0,200000.0,REAL,True,0.01,5,0,vmuc
C00000010-F004-kW L2-JTW,Bombardier Alstom - Phase 2 puissance,JTW,-200000.0,200000.0,REAL,True,0.01,5,0,vmuc
C00000010-F004-kW L3-JTW,Bombardier Alstom - Phase 3 puissance,JTW,-200000.0,200000.0,REAL,True,0.01,5,0,vmuc
C00000010-F004-kW sys-JTW,Bombardier Alstom - puissance,JTW,-200000.0,200000.0,REAL,True,0.01,5,0,vmuc
C00000010-F004-kvar L1-JTVar,Bombardier Alstom - Phase 1 puissance reactive,JTVar,-200000.0,200000.0,REAL,True,0.01,5,0,vmuc
C00000010-F004-kvar L2-JTVar,Bombardier Alstom - Phase 2 puissance reactive,JTVar,-200000.0,200000.0,REAL,True,0.01,5,0,vmuc
C00000010-F004-kvar L3-JTVar,Bombardier Alstom - Phase 3 puissance reactive,JTVar,-200000.0,200000.0,REAL,True,0.01,5,0,vmuc
C00000010-F004-kvar sys-JTVar,Bombardier Alstom - puissance reactive,JTVar,-200000.0,200000.0,REAL,True,0.01,5,0,vmuc
C00000010-F004-kVA L1-JTVA,Bombardier Alstom - Phase 1 puissance active,JTVA,-200000.0,200000.0,REAL,True,0.01,5,0,vmuc
C00000010-F004-kVA L2-JTVA,Bombardier Alstom - Phase 2 puissance active,JTVA,-200000.0,200000.0,REAL,True,0.01,5,0,vmuc
C00000010-F004-kVA L3-JTVA,Bombardier Alstom - Phase 3 puissance active,JTVA,-200000.0,200000.0,REAL,True,0.01,5,0,vmuc
C00000010-F004-kVA sys-JTVA,Bombardier Alstom - puissance active,JTVA,-200000.0,200000.0,REAL,True,0.01,5,0,vmuc
C00000010-F004-kWh-JTWH,Bombardier Alstom - compteur,JTWH,-200000.0,200000.0,REAL,True,0.01,5,0,vmuc
C00000010-F004-kWh (-)-JTWH,Bombardier Alstom - puissance difference,JTWH,-200000.0,200000.0,REAL,True,0.01,5,0,vmuc
C00000010-F004-kvarh-JTVarH,Bombardier Alstom - compteur puissance reactive ,JTVarH,-200000.0,200000.0,REAL,True,0.01,5,0,vmuc
C00000011-A006-kW L1-JTW,Serma - Phase 1 puissance,JTW,-200000.0,200000.0,REAL,True,0.01,5,0,vmuc
C00000011-A006-kW L2-JTW,Serma - Phase 2 puissance,JTW,-200000.0,200000.0,REAL,True,0.01,5,0,vmuc
C00000011-A006-kW L3-JTW,Serma - Phase 3 puissance,JTW,-200000.0,200000.0,REAL,True,0.01,5,0,vmuc
C00000011-A006-kW sys-JTW,Serma - puissance,JTW,-200000.0,200000.0,REAL,True,0.01,5,0,vmuc
C00000011-A006-kW dmd-JTW,Serma - puissance demandée,JTW,-200000.0,200000.0,REAL,True,0.01,5,0,vmuc
C00000011-A006-kvar L1-JTVar,Serma - Phase 1 puissance reactive,JTVar,-200000.0,200000.0,REAL,True,0.01,5,0,vmuc
C00000011-A006-kvar L2-JTVar,Serma - Phase 2 puissance reactive,JTVar,-200000.0,200000.0,REAL,True,0.01,5,0,vmuc
C00000011-A006-kvar L3-JTVar,Serma - Phase 3 puissance reactive,JTVar,-200000.0,200000.0,REAL,True,0.01,5,0,vmuc
C00000011-A006-kvar sys-JTVar,Serma - puissance reactive,JTVar,-200000.0,200000.0,REAL,True,0.01,5,0,vmuc
C00000011-A006-kVA L1-JTVA,Serma - Phase 1 puissance active,JTVA,-200000.0,200000.0,REAL,True,0.01,5,0,vmuc
C00000011-A006-kVA L2-JTVA,Serma - Phase 2 puissance active,JTVA,-200000.0,200000.0,REAL,True,0.01,5,0,vmuc
C00000011-A006-kVA L3-JTVA,Serma - Phase 3 puissance active,JTVA,-200000.0,200000.0,REAL,True,0.01,5,0,vmuc
C00000011-A006-kVA sys-JTVA,Serma - puissance active,JTVA,-200000.0,200000.0,REAL,True,0.01,5,0,vmuc
C00000011-A006-kWh-JTWH,Serma - compteur,JTWH,-200000.0,200000.0,REAL,True,0.01,5,0,vmuc
C00000011-A006-kWh (-)-JTWH,Serma - puissance difference,JTWH,-200000.0,200000.0,REAL,True,0.01,5,0,vmuc
C00000011-A006-kWh L1-JTWH,Serma - Phase 1 compteur,JTWH,-200000.0,200000.0,REAL,True,0.01,5,0,vmuc
C00000011-A006-kWh L2-JTWH,Serma - Phase 2 compteur,JTWH,-200000.0,200000.0,REAL,True,0.01,5,0,vmuc
C00000011-A006-kWh L3-JTWH,Serma - Phase 3 compteur,JTWH,-200000.0,200000.0,REAL,True,0.01,5,0,vmuc
C00000011-A006-kvarh-JTVarH,Serma - compteur puissance reactive ,JTVarH,-200000.0,200000.0,REAL,True,0.01,5,0,vmuc
C00000012-E001-kW L1-JTW,Zone E  - Phase 1 puissance,JTW,-200000.0,200000.0,REAL,True,0.01,5,0,vmuc
C00000012-E001-kW L2-JTW,Zone E  - Phase 2 puissance,JTW,-200000.0,200000.0,REAL,True,0.01,5,0,vmuc
C00000012-E001-kW L3-JTW,Zone E  - Phase 3 puissance,JTW,-200000.0,200000.0,REAL,True,0.01,5,0,vmuc
C00000012-E001-kW sys-JTW,Zone E  - puissance,JTW,-200000.0,200000.0,REAL,True,0.01,5,0,vmuc
C00000012-E001-kvar L1-JTVar,Zone E  - Phase 1 puissance reactive,JTVar,-200000.0,200000.0,REAL,True,0.01,5,0,vmuc
C00000012-E001-kvar L2-JTVar,Zone E  - Phase 2 puissance reactive,JTVar,-200000.0,200000.0,REAL,True,0.01,5,0,vmuc
C00000012-E001-kvar L3-JTVar,Zone E  - Phase 3 puissance reactive,JTVar,-200000.0,200000.0,REAL,True,0.01,5,0,vmuc
C00000012-E001-kvar sys-JTVar,Zone E  - puissance reactive,JTVar,-200000.0,200000.0,REAL,True,0.01,5,0,vmuc
C00000012-E001-kVA L1-JTVA,Zone E  - Phase 1 puissance active,JTVA,-200000.0,200000.0,REAL,True,0.01,5,0,vmuc
C00000012-E001-kVA L2-JTVA,Zone E  - Phase 2 puissance active,JTVA,-200000.0,200000.0,REAL,True,0.01,5,0,vmuc
C00000012-E001-kVA L3-JTVA,Zone E  - Phase 3 puissance active,JTVA,-200000.0,200000.0,REAL,True,0.01,5,0,vmuc
C00000012-E001-kVA sys-JTVA,Zone E  - puissance active,JTVA,-200000.0,200000.0,REAL,True,0.01,5,0,vmuc
C00000012-E001-kWh-JTWH,Zone E  - compteur,JTWH,-200000.0,200000.0,REAL,True,0.01,5,0,vmuc
C00000012-E001-kWh (-)-JTWH,Zone E  - puissance difference,JTWH,-200000.0,200000.0,REAL,True,0.01,5,0,vmuc
C00000012-E001-kvarh-JTVarH,Zone E  - compteur puissance reactive ,JTVarH,-200000.0,200000.0,REAL,True,0.01,5,0,vmuc
C00000013-E002-kW L1-JTW,Geodis - Phase 1 puissance,JTW,-200000.0,200000.0,REAL,True,0.01,5,0,vmuc
C00000013-E002-kW L2-JTW,Geodis - Phase 2 puissance,JTW,-200000.0,200000.0,REAL,True,0.01,5,0,vmuc
C00000013-E002-kW L3-JTW,Geodis - Phase 3 puissance,JTW,-200000.0,200000.0,REAL,True,0.01,5,0,vmuc
C00000013-E002-kW sys-JTW,Geodis - puissance,JTW,-200000.0,200000.0,REAL,True,0.01,5,0,vmuc
C00000013-E002-kW dmd-JTW,Geodis - puissance demandée,JTW,-200000.0,200000.0,REAL,True,0.01,5,0,vmuc
C00000013-E002-kvar L1-JTVar,Geodis - Phase 1 puissance reactive,JTVar,-200000.0,200000.0,REAL,True,0.01,5,0,vmuc
C00000013-E002-kvar L2-JTVar,Geodis - Phase 2 puissance reactive,JTVar,-200000.0,200000.0,REAL,True,0.01,5,0,vmuc
C00000013-E002-kvar L3-JTVar,Geodis - Phase 3 puissance reactive,JTVar,-200000.0,200000.0,REAL,True,0.01,5,0,vmuc
C00000013-E002-kvar sys-JTVar,Geodis - puissance reactive,JTVar,-200000.0,200000.0,REAL,True,0.01,5,0,vmuc
C00000013-E002-kVA L1-JTVA,Geodis - Phase 1 puissance active,JTVA,-200000.0,200000.0,REAL,True,0.01,5,0,vmuc
C00000013-E002-kVA L2-JTVA,Geodis - Phase 2 puissance active,JTVA,-200000.0,200000.0,REAL,True,0.01,5,0,vmuc
C00000013-E002-kVA L3-JTVA,Geodis - Phase 3 puissance active,JTVA,-200000.0,200000.0,REAL,True,0.01,5,0,vmuc
C00000013-E002-kVA sys-JTVA,Geodis - puissance active,JTVA,-200000.0,200000.0,REAL,True,0.01,5,0,vmuc
C00000013-E002-kWh-JTWH,Geodis - compteur,JTWH,-200000.0,200000.0,REAL,True,0.01,5,0,vmuc
C00000013-E002-kWh (-)-JTWH,Geodis - puissance difference,JTWH,-200000.0,200000.0,REAL,True,0.01,5,0,vmuc
C00000013-E002-kWh L1-JTWH,Geodis - Phase 1 compteur,JTWH,-200000.0,200000.0,REAL,True,0.01,5,0,vmuc
C00000013-E002-kWh L2-JTWH,Geodis - Phase 2 compteur,JTWH,-200000.0,200000.0,REAL,True,0.01,5,0,vmuc
C00000013-E002-kWh L3-JTWH,Geodis - Phase 3 compteur,JTWH,-200000.0,200000.0,REAL,True,0.01,5,0,vmuc
C00000013-E002-kvarh-JTVarH,Geodis - compteur puissance reactive ,JTVarH,-200000.0,200000.0,REAL,True,0.01,5,0,vmuc
C00000014-F001-kW L1-JTW,Zone F - Phase 1 puissance,JTW,-200000.0,200000.0,REAL,True,0.01,5,0,vmuc
C00000014-F001-kW L2-JTW,Zone F - Phase 2 puissance,JTW,-200000.0,200000.0,REAL,True,0.01,5,0,vmuc
C00000014-F001-kW L3-JTW,Zone F - Phase 3 puissance,JTW,-200000.0,200000.0,REAL,True,0.01,5,0,vmuc
C00000014-F001-kW sys-JTW,Zone F - puissance,JTW,-200000.0,200000.0,REAL,True,0.01,5,0,vmuc
C00000014-F001-kvar L1-JTVar,Zone F - Phase 1 puissance reactive,JTVar,-200000.0,200000.0,REAL,True,0.01,5,0,vmuc
C00000014-F001-kvar L2-JTVar,Zone F - Phase 2 puissance reactive,JTVar,-200000.0,200000.0,REAL,True,0.01,5,0,vmuc
C00000014-F001-kvar L3-JTVar,Zone F - Phase 3 puissance reactive,JTVar,-200000.0,200000.0,REAL,True,0.01,5,0,vmuc
C00000014-F001-kvar sys-JTVar,Zone F - puissance reactive,JTVar,-200000.0,200000.0,REAL,True,0.01,5,0,vmuc
C00000014-F001-kVA L1-JTVA,Zone F - Phase 1 puissance active,JTVA,-200000.0,200000.0,REAL,True,0.01,5,0,vmuc
C00000014-F001-kVA L2-JTVA,Zone F - Phase 2 puissance active,JTVA,-200000.0,200000.0,REAL,True,0.01,5,0,vmuc
C00000014-F001-kVA L3-JTVA,Zone F - Phase 3 puissance active,JTVA,-200000.0,200000.0,REAL,True,0.01,5,0,vmuc
C00000014-F001-kVA sys-JTVA,Zone F - puissance active,JTVA,-200000.0,200000.0,REAL,True,0.01,5,0,vmuc
C00000014-F001-kWh-JTWH,Zone F - compteur,JTWH,-200000.0,200000.0,REAL,True,0.01,5,0,vmuc
C00000014-F001-kWh (-)-JTWH,Zone F - puissance difference,JTWH,-200000.0,200000.0,REAL,True,0.01,5,0,vmuc
C00000014-F001-kvarh-JTVarH,Zone F - compteur puissance reactive ,JTVarH,-200000.0,200000.0,REAL,True,0.01,5,0,vmuc
C00000015-F002-kW L1-JTW,Cegelec Vinci - Phase 1 puissance,JTW,-200000.0,200000.0,REAL,True,0.01,5,0,vmuc
C00000015-F002-kW L2-JTW,Cegelec Vinci - Phase 2 puissance,JTW,-200000.0,200000.0,REAL,True,0.01,5,0,vmuc
C00000015-F002-kW L3-JTW,Cegelec Vinci - Phase 3 puissance,JTW,-200000.0,200000.0,REAL,True,0.01,5,0,vmuc
C00000015-F002-kW sys-JTW,Cegelec Vinci - puissance,JTW,-200000.0,200000.0,REAL,True,0.01,5,0,vmuc
C00000015-F002-kW dmd-JTW,Cegelec Vinci - puissance demandée,JTW,-200000.0,200000.0,REAL,True,0.01,5,0,vmuc
C00000015-F002-kvar L1-JTVar,Cegelec Vinci - Phase 1 puissance reactive,JTVar,-200000.0,200000.0,REAL,True,0.01,5,0,vmuc
C00000015-F002-kvar L2-JTVar,Cegelec Vinci - Phase 2 puissance reactive,JTVar,-200000.0,200000.0,REAL,True,0.01,5,0,vmuc
C00000015-F002-kvar L3-JTVar,Cegelec Vinci - Phase 3 puissance reactive,JTVar,-200000.0,200000.0,REAL,True,0.01,5,0,vmuc
C00000015-F002-kvar sys-JTVar,Cegelec Vinci - puissance reactive,JTVar,-200000.0,200000.0,REAL,True,0.01,5,0,vmuc
C00000015-F002-kVA L1-JTVA,Cegelec Vinci - Phase 1 puissance active,JTVA,-200000.0,200000.0,REAL,True,0.01,5,0,vmuc
C00000015-F002-kVA L2-JTVA,Cegelec Vinci - Phase 2 puissance active,JTVA,-200000.0,200000.0,REAL,True,0.01,5,0,vmuc
C00000015-F002-kVA L3-JTVA,Cegelec Vinci - Phase 3 puissance active,JTVA,-200000.0,200000.0,REAL,True,0.01,5,0,vmuc
C00000015-F002-kVA sys-JTVA,Cegelec Vinci - puissance active,JTVA,-200000.0,200000.0,REAL,True,0.01,5,0,vmuc
C00000015-F002-kWh-JTWH,Cegelec Vinci - compteur,JTWH,-200000.0,200000.0,REAL,True,0.01,5,0,vmuc
C00000015-F002-kWh (-)-JTWH,Cegelec Vinci - puissance difference,JTWH,-200000.0,200000.0,REAL,True,0.01,5,0,vmuc
C00000015-F002-kWh L1-JTWH,Cegelec Vinci - Phase 1 compteur,JTWH,-200000.0,200000.0,REAL,True,0.01,5,0,vmuc
C00000015-F002-kWh L2-JTWH,Cegelec Vinci - Phase 2 compteur,JTWH,-200000.0,200000.0,REAL,True,0.01,5,0,vmuc
C00000015-F002-kWh L3-JTWH,Cegelec Vinci - Phase 3 compteur,JTWH,-200000.0,200000.0,REAL,True,0.01,5,0,vmuc
C00000015-F002-kvarh-JTVarH,Cegelec Vinci - compteur puissance reactive ,JTVarH,-200000.0,200000.0,REAL,True,0.01,5,0,vmuc
C00000016-A007-kW L1-JTW,zone A-B-C-D - Phase 1 puissance,JTW,-200000.0,200000.0,REAL,True,0.01,5,0,vmuc
C00000016-A007-kW L2-JTW,zone A-B-C-D - Phase 2 puissance,JTW,-200000.0,200000.0,REAL,True,0.01,5,0,vmuc
C00000016-A007-kW L3-JTW,zone A-B-C-D - Phase 3 puissance,JTW,-200000.0,200000.0,REAL,True,0.01,5,0,vmuc
C00000016-A007-kW sys-JTW,zone A-B-C-D - puissance,JTW,-200000.0,200000.0,REAL,True,0.01,5,0,vmuc
C00000016-A007-kvar L1-JTVar,zone A-B-C-D - Phase 1 puissance reactive,JTVar,-200000.0,200000.0,REAL,True,0.01,5,0,vmuc
C00000016-A007-kvar L2-JTVar,zone A-B-C-D - Phase 2 puissance reactive,JTVar,-200000.0,200000.0,REAL,True,0.01,5,0,vmuc
C00000016-A007-kvar L3-JTVar,zone A-B-C-D - Phase 3 puissance reactive,JTVar,-200000.0,200000.0,REAL,True,0.01,5,0,vmuc
C00000016-A007-kvar sys-JTVar,zone A-B-C-D - puissance reactive,JTVar,-200000.0,200000.0,REAL,True,0.01,5,0,vmuc
C00000016-A007-kVA L1-JTVA,zone A-B-C-D - Phase 1 puissance active,JTVA,-200000.0,200000.0,REAL,True,0.01,5,0,vmuc
C00000016-A007-kVA L2-JTVA,zone A-B-C-D - Phase 2 puissance active,JTVA,-200000.0,200000.0,REAL,True,0.01,5,0,vmuc
C00000016-A007-kVA L3-JTVA,zone A-B-C-D - Phase 3 puissance active,JTVA,-200000.0,200000.0,REAL,True,0.01,5,0,vmuc
C00000016-A007-kVA sys-JTVA,zone A-B-C-D - puissance active,JTVA,-200000.0,200000.0,REAL,True,0.01,5,0,vmuc
C00000016-A007-kWh-JTWH,zone A-B-C-D - compteur,JTWH,-200000.0,200000.0,REAL,True,0.01,5,0,vmuc
C00000016-A007-kWh (-)-JTWH,zone A-B-C-D - puissance difference,JTWH,-200000.0,200000.0,REAL,True,0.01,5,0,vmuc
C00000016-A007-kvarh-JTVarH,zone A-B-C-D - compteur puissance reactive ,JTVarH,-200000.0,200000.0,REAL,True,0.01,5,0,vmuc
PV00000001-centrale SLS 80kWc-kW-JTW,centrale PV sls 80 kWc - puissance PV,JTW,-200000.0,200000.0,REAL,True,0.01,5,0,smartlogger
PV00000001-centrale SLS 80kWc-kWh-JTWH,centrale PV sls 80 kWc - compteur PV,JTWH,-200000.0,200000.0,REAL,True,0.01,5,0,smartlogger
XM_le_cheylas_temp,temp le_cheylas,°C,-50.0,50.0,REAL,True,0.01,30,0,meteo
XM_le_cheylas_pressure,pressure le_cheylas,mbar,-250.0,250.0,REAL,True,0.01,30,0,meteo
XM_le_cheylas_humidity,humidity le_cheylas,%,0.0,100.0,REAL,True,0.01,30,0,meteo
XM_le_cheylas_clouds,clouds le_cheylas,%,0.0,100.0,REAL,True,0.01,30,0,meteo
XM_le_cheylas_wind_speed,wind_speed le_cheylas,km/h,0.0,250.0,REAL,True,0.01,30,0,meteo
